order_id,contract_id,vendor_id,vendor_name,order_date,order_number,order_amount,paid_amount,payment_due_date,order_status,ordering_department,ordering_person,service_category,service_subcategory,work_description,deliverables,notes
O0000001,C000001,V00001,有限会社イノベーションコンサルティング,2025-07-09,PO-2025-0001,44267,44267,2025-08-08,支払済,製造部,山本さくら,マーケティング支援,,2025年07月分の業務委託,月次報告書,
O0000002,C000001,V00001,有限会社イノベーションコンサルティング,2025-02-23,PO-2025-0002,65976,0,2025-03-25,納品済,製造部,伊藤恵,その他,,2025年02月分の業務委託,月次報告書,
O0000003,C000001,V00001,有限会社イノベーションコンサルティング,2025-06-10,PO-2025-0003,55188,0,2025-07-10,納品済,製造部,山本大輔,業務委託（IT以外）,,2025年06月分の業務委託,月次報告書,
O0000004,C000001,V00001,有限会社イノベーションコンサルティング,2025-02-13,PO-2025-0004,80354,80354,2025-03-15,支払済,製造部,佐藤一郎,ITシステム開発,,2025年02月分の業務委託,月次報告書,
O0000005,C000001,V00001,有限会社イノベーションコンサルティング,2025-09-24,PO-2025-0005,41786,41786,2025-10-24,支払済,製造部,渡辺美咲,ITシステム開発,,2025年09月分の業務委託,月次報告書,
O0000006,C000001,V00001,有限会社イノベーションコンサルティング,2025-09-09,PO-2025-0006,43823,0,2025-10-09,納品済,製造部,山本優子,ITインフラ,,2025年09月分の業務委託,月次報告書,
O0000007,C000001,V00001,有限会社イノベーションコンサルティング,2025-09-09,PO-2025-0007,73413,0,2025-10-09,納品済,製造部,木村修,マーケティング支援,,2025年09月分の業務委託,月次報告書,
O0000008,C000001,V00001,有限会社イノベーションコンサルティング,2025-10-08,PO-2025-0008,71564,71564,2025-11-07,支払済,製造部,鈴木恵,業務委託（IT以外）,,2025年10月分の業務委託,月次報告書,
O0000009,C000001,V00001,有限会社イノベーションコンサルティング,2025-06-17,PO-2025-0009,71230,71230,2025-07-17,支払済,製造部,小林一郎,マーケティング支援,,2025年06月分の業務委託,月次報告書,
O0000010,C000001,V00001,有限会社イノベーションコンサルティング,2024-12-25,PO-2024-0010,72307,72307,2025-01-24,支払済,製造部,山本美咲,ITインフラ,,2024年12月分の業務委託,月次報告書,
O0000011,C000001,V00001,有限会社イノベーションコンサルティング,2025-06-18,PO-2025-0011,66732,0,2025-07-18,検収済,製造部,伊藤真由美,ITインフラ,,2025年06月分の業務委託,月次報告書,
O0000012,C000001,V00001,有限会社イノベーションコンサルティング,2025-07-17,PO-2025-0012,81847,81847,2025-08-16,支払済,製造部,清水太郎,ITインフラ,,2025年07月分の業務委託,月次報告書,
O0000013,C000001,V00001,有限会社イノベーションコンサルティング,2025-08-28,PO-2025-0013,60596,0,2025-09-27,発注中,製造部,佐々木修,ITインフラ,,2025年08月分の業務委託,月次報告書,
O0000014,C000001,V00001,有限会社イノベーションコンサルティング,2024-12-01,PO-2024-0014,71167,0,2024-12-31,発注中,製造部,山崎真由美,ITシステム保守・運用,,2024年12月分の業務委託,月次報告書,
O0000015,C000001,V00001,有限会社イノベーションコンサルティング,2025-02-24,PO-2025-0015,79208,79208,2025-03-26,支払済,製造部,中村翔太,ITシステム保守・運用,,2025年02月分の業務委託,月次報告書,
O0000016,C000001,V00001,有限会社イノベーションコンサルティング,2025-05-15,PO-2025-0016,68884,68884,2025-06-14,支払済,製造部,高橋麻衣,マーケティング支援,,2025年05月分の業務委託,月次報告書,
O0000017,C000001,V00001,有限会社イノベーションコンサルティング,2025-06-17,PO-2025-0017,51246,0,2025-07-17,キャンセル,製造部,井上太郎,コンサルティング,,2025年06月分の業務委託,月次報告書,
O0000018,C000001,V00001,有限会社イノベーションコンサルティング,2025-07-29,PO-2025-0018,68643,68643,2025-08-28,支払済,製造部,木村花子,ITシステム保守・運用,,2025年07月分の業務委託,月次報告書,
O0000019,C000002,V00001,有限会社イノベーションコンサルティング,2025-01-21,PO-2025-0019,173300,173300,2025-02-20,支払済,品質管理部,田中恵,ITシステム保守・運用,,2025年01月分の業務委託,月次報告書,
O0000020,C000002,V00001,有限会社イノベーションコンサルティング,2025-08-26,PO-2025-0020,173300,173300,2025-09-25,支払済,品質管理部,山田誠,コンサルティング,,2025年08月分の業務委託,月次報告書,
O0000021,C000002,V00001,有限会社イノベーションコンサルティング,2025-04-27,PO-2025-0021,173300,173300,2025-05-27,支払済,品質管理部,伊藤拓也,ITシステム保守・運用,,2025年04月分の業務委託,月次報告書,
O0000022,C000002,V00001,有限会社イノベーションコンサルティング,2025-06-05,PO-2025-0022,173300,0,2025-07-05,納品済,品質管理部,鈴木翔太,ITシステム保守・運用,,2025年06月分の業務委託,月次報告書,
O0000023,C000002,V00001,有限会社イノベーションコンサルティング,2025-04-17,PO-2025-0023,173300,173300,2025-05-17,支払済,品質管理部,中村誠,業務委託（IT以外）,,2025年04月分の業務委託,月次報告書,
O0000024,C000002,V00001,有限会社イノベーションコンサルティング,2025-07-10,PO-2025-0024,173300,173300,2025-08-09,支払済,品質管理部,佐々木麻衣,ITシステム開発,,2025年07月分の業務委託,月次報告書,
O0000025,C000002,V00001,有限会社イノベーションコンサルティング,2025-03-28,PO-2025-0025,173300,173300,2025-04-27,支払済,品質管理部,木村優子,ITシステム開発,,2025年03月分の業務委託,月次報告書,
O0000026,C000002,V00001,有限会社イノベーションコンサルティング,2025-05-28,PO-2025-0026,173300,173300,2025-06-27,支払済,品質管理部,山口あゆみ,マーケティング支援,,2025年05月分の業務委託,月次報告書,
O0000027,C000002,V00001,有限会社イノベーションコンサルティング,2025-04-26,PO-2025-0027,173300,0,2025-05-26,検収済,品質管理部,加藤翔太,ITシステム保守・運用,,2025年04月分の業務委託,月次報告書,
O0000028,C000002,V00001,有限会社イノベーションコンサルティング,2025-08-25,PO-2025-0028,173300,173300,2025-09-24,支払済,品質管理部,佐藤誠,ITシステム保守・運用,,2025年08月分の業務委託,月次報告書,
O0000029,C000002,V00001,有限会社イノベーションコンサルティング,2025-03-22,PO-2025-0029,173300,173300,2025-04-21,支払済,品質管理部,井上修,ITシステム保守・運用,,2025年03月分の業務委託,月次報告書,
O0000030,C000002,V00001,有限会社イノベーションコンサルティング,2025-12-07,PO-2025-0030,173300,173300,2026-01-06,支払済,品質管理部,山口あゆみ,ITインフラ,,2025年12月分の業務委託,月次報告書,
O0000031,C000002,V00001,有限会社イノベーションコンサルティング,2025-10-31,PO-2025-0031,173300,173300,2025-11-30,支払済,品質管理部,山田愛,ITシステム開発,,2025年10月分の業務委託,月次報告書,
O0000032,C000002,V00001,有限会社イノベーションコンサルティング,2025-03-28,PO-2025-0032,173300,0,2025-04-27,発注中,品質管理部,井上修,ITインフラ,,2025年03月分の業務委託,月次報告書,
O0000033,C000002,V00001,有限会社イノベーションコンサルティング,2025-10-25,PO-2025-0033,173300,0,2025-11-24,検収済,品質管理部,中村修,ITシステム開発,,2025年10月分の業務委託,月次報告書,
O0000034,C000002,V00001,有限会社イノベーションコンサルティング,2025-11-14,PO-2025-0034,173300,173300,2025-12-14,支払済,品質管理部,高橋真由美,ITインフラ,,2025年11月分の業務委託,月次報告書,
O0000035,C000002,V00001,有限会社イノベーションコンサルティング,2025-05-17,PO-2025-0035,173300,173300,2025-06-16,支払済,品質管理部,田中浩,ITシステム保守・運用,,2025年05月分の業務委託,月次報告書,
O0000036,C000002,V00001,有限会社イノベーションコンサルティング,2025-02-01,PO-2025-0036,173300,0,2025-03-03,検収済,品質管理部,木村美咲,業務委託（IT以外）,,2025年02月分の業務委託,月次報告書,
O0000037,C000002,V00001,有限会社イノベーションコンサルティング,2025-10-26,PO-2025-0037,173300,173300,2025-11-25,支払済,品質管理部,伊藤誠,ITシステム保守・運用,,2025年10月分の業務委託,月次報告書,
O0000038,C000002,V00001,有限会社イノベーションコンサルティング,2025-07-15,PO-2025-0038,173300,173300,2025-08-14,支払済,品質管理部,松本浩,コンサルティング,,2025年07月分の業務委託,月次報告書,
O0000039,C000003,V00002,株式会社コンサルティングコーポレーション,2024-08-29,PO-2024-0039,13714,13714,2024-09-28,支払済,営業部,清水翔太,コンサルティング,,2024年08月分の業務委託,月次報告書,
O0000040,C000003,V00002,株式会社コンサルティングコーポレーション,2024-09-17,PO-2024-0040,14979,0,2024-10-17,納品済,営業部,鈴木さくら,ITシステム保守・運用,,2024年09月分の業務委託,月次報告書,
O0000041,C000003,V00002,株式会社コンサルティングコーポレーション,2024-06-30,PO-2024-0041,13488,13488,2024-07-30,支払済,営業部,松本太郎,コンサルティング,,2024年06月分の業務委託,月次報告書,
O0000042,C000003,V00002,株式会社コンサルティングコーポレーション,2024-05-14,PO-2024-0042,11583,11583,2024-06-13,支払済,営業部,佐々木隆,ITシステム開発,,2024年05月分の業務委託,月次報告書,
O0000043,C000003,V00002,株式会社コンサルティングコーポレーション,2024-04-12,PO-2024-0043,12934,12934,2024-05-12,支払済,営業部,加藤美咲,マーケティング支援,,2024年04月分の業務委託,月次報告書,
O0000044,C000003,V00002,株式会社コンサルティングコーポレーション,2024-06-19,PO-2024-0044,11433,0,2024-07-19,検収済,営業部,松本優子,ITシステム開発,,2024年06月分の業務委託,月次報告書,
O0000045,C000003,V00002,株式会社コンサルティングコーポレーション,2024-07-02,PO-2024-0045,13837,13837,2024-08-01,支払済,営業部,井上愛,ITシステム保守・運用,,2024年07月分の業務委託,月次報告書,
O0000046,C000003,V00002,株式会社コンサルティングコーポレーション,2024-12-16,PO-2024-0046,9804,9804,2025-01-15,支払済,営業部,渡辺太郎,ITシステム開発,,2024年12月分の業務委託,月次報告書,
O0000047,C000003,V00002,株式会社コンサルティングコーポレーション,2024-10-02,PO-2024-0047,10174,10174,2024-11-01,支払済,営業部,佐々木太郎,ITシステム保守・運用,,2024年10月分の業務委託,月次報告書,
O0000048,C000003,V00002,株式会社コンサルティングコーポレーション,2024-12-06,PO-2024-0048,14577,14577,2025-01-05,支払済,営業部,佐々木拓也,ITシステム開発,,2024年12月分の業務委託,月次報告書,
O0000049,C000003,V00002,株式会社コンサルティングコーポレーション,2024-12-21,PO-2024-0049,14306,14306,2025-01-20,支払済,営業部,山口愛,ITシステム開発,,2024年12月分の業務委託,月次報告書,
O0000050,C000003,V00002,株式会社コンサルティングコーポレーション,2024-08-01,PO-2024-0050,13575,0,2024-08-31,納品済,営業部,山本一郎,ITシステム開発,,2024年08月分の業務委託,月次報告書,
O0000051,C000003,V00002,株式会社コンサルティングコーポレーション,2024-08-04,PO-2024-0051,9987,0,2024-09-03,検収済,営業部,吉田誠,ITシステム保守・運用,,2024年08月分の業務委託,月次報告書,
O0000052,C000003,V00002,株式会社コンサルティングコーポレーション,2024-04-15,PO-2024-0052,18541,18541,2024-05-15,支払済,営業部,山口太郎,コンサルティング,,2024年04月分の業務委託,月次報告書,
O0000053,C000003,V00002,株式会社コンサルティングコーポレーション,2024-01-20,PO-2024-0053,13968,0,2024-02-19,検収済,営業部,高橋健太,コンサルティング,,2024年01月分の業務委託,月次報告書,
O0000054,C000003,V00002,株式会社コンサルティングコーポレーション,2024-08-10,PO-2024-0054,12745,0,2024-09-09,発注中,営業部,佐藤さくら,その他,,2024年08月分の業務委託,月次報告書,
O0000055,C000003,V00002,株式会社コンサルティングコーポレーション,2024-06-27,PO-2024-0055,10426,10426,2024-07-27,支払済,営業部,佐藤愛,業務委託（IT以外）,,2024年06月分の業務委託,月次報告書,
O0000056,C000003,V00002,株式会社コンサルティングコーポレーション,2024-05-06,PO-2024-0056,9994,9994,2024-06-05,支払済,営業部,清水美咲,ITインフラ,,2024年05月分の業務委託,月次報告書,
O0000057,C000003,V00002,株式会社コンサルティングコーポレーション,2024-10-27,PO-2024-0057,10756,10756,2024-11-26,支払済,営業部,鈴木美穂,ITシステム保守・運用,,2024年10月分の業務委託,月次報告書,
O0000058,C000003,V00002,株式会社コンサルティングコーポレーション,2024-12-17,PO-2024-0058,14457,0,2025-01-16,キャンセル,営業部,山田優子,ITシステム保守・運用,,2024年12月分の業務委託,月次報告書,
O0000059,C000004,V00002,株式会社コンサルティングコーポレーション,2024-12-31,PO-2024-0059,27350,0,2025-01-30,納品済,製造部,中村一郎,ITシステム開発,,2024年12月分の業務委託,月次報告書,
O0000060,C000004,V00002,株式会社コンサルティングコーポレーション,2024-12-25,PO-2024-0060,35844,0,2025-01-24,検収済,製造部,吉田一郎,ITシステム保守・運用,,2024年12月分の業務委託,月次報告書,
O0000061,C000004,V00002,株式会社コンサルティングコーポレーション,2025-01-01,PO-2025-0061,36720,0,2025-01-31,納品済,製造部,山口愛,ITシステム保守・運用,,2025年01月分の業務委託,月次報告書,
O0000062,C000004,V00002,株式会社コンサルティングコーポレーション,2024-10-19,PO-2024-0062,31170,0,2024-11-18,キャンセル,製造部,佐藤隆,ITインフラ,,2024年10月分の業務委託,月次報告書,
O0000063,C000004,V00002,株式会社コンサルティングコーポレーション,2024-11-15,PO-2024-0063,34589,34589,2024-12-15,支払済,製造部,佐藤太郎,ITシステム開発,,2024年11月分の業務委託,月次報告書,
O0000064,C000004,V00002,株式会社コンサルティングコーポレーション,2024-11-27,PO-2024-0064,28378,28378,2024-12-27,支払済,製造部,山口さくら,ITシステム保守・運用,,2024年11月分の業務委託,月次報告書,
O0000065,C000004,V00002,株式会社コンサルティングコーポレーション,2024-11-10,PO-2024-0065,23546,23546,2024-12-10,支払済,製造部,小林美咲,ITシステム保守・運用,,2024年11月分の業務委託,月次報告書,
O0000066,C000004,V00002,株式会社コンサルティングコーポレーション,2024-12-04,PO-2024-0066,35476,0,2025-01-03,キャンセル,製造部,佐々木健太,ITシステム開発,,2024年12月分の業務委託,月次報告書,
O0000067,C000004,V00002,株式会社コンサルティングコーポレーション,2024-11-22,PO-2024-0067,29512,29512,2024-12-22,支払済,製造部,山崎修,コンサルティング,,2024年11月分の業務委託,月次報告書,
O0000068,C000004,V00002,株式会社コンサルティングコーポレーション,2024-10-13,PO-2024-0068,21559,0,2024-11-12,発注中,製造部,高橋さくら,ITインフラ,,2024年10月分の業務委託,月次報告書,
O0000069,C000004,V00002,株式会社コンサルティングコーポレーション,2025-01-07,PO-2025-0069,19288,19288,2025-02-06,支払済,製造部,中村翔太,マーケティング支援,,2025年01月分の業務委託,月次報告書,
O0000070,C000004,V00002,株式会社コンサルティングコーポレーション,2024-10-23,PO-2024-0070,22583,22583,2024-11-22,支払済,製造部,佐々木真由美,ITシステム開発,,2024年10月分の業務委託,月次報告書,
O0000071,C000004,V00002,株式会社コンサルティングコーポレーション,2024-11-16,PO-2024-0071,29960,29960,2024-12-16,支払済,製造部,井上翔太,ITシステム保守・運用,,2024年11月分の業務委託,月次報告書,
O0000072,C000005,V00002,株式会社コンサルティングコーポレーション,2025-07-16,PO-2025-0072,87077,87077,2025-08-15,支払済,研究開発部,小林あゆみ,ITシステム保守・運用,,2025年07月分の業務委託,月次報告書,
O0000073,C000005,V00002,株式会社コンサルティングコーポレーション,2025-05-30,PO-2025-0073,77772,0,2025-06-29,発注中,研究開発部,松本麻衣,ITシステム保守・運用,,2025年05月分の業務委託,月次報告書,
O0000074,C000005,V00002,株式会社コンサルティングコーポレーション,2025-07-09,PO-2025-0074,55300,55300,2025-08-08,支払済,研究開発部,山口さくら,マーケティング支援,,2025年07月分の業務委託,月次報告書,
O0000075,C000005,V00002,株式会社コンサルティングコーポレーション,2025-07-16,PO-2025-0075,76602,0,2025-08-15,検収済,研究開発部,清水隆,ITインフラ,,2025年07月分の業務委託,月次報告書,
O0000076,C000005,V00002,株式会社コンサルティングコーポレーション,2025-08-10,PO-2025-0076,79016,0,2025-09-09,発注中,研究開発部,井上一郎,ITシステム開発,,2025年08月分の業務委託,月次報告書,
O0000077,C000006,V00003,有限会社エンタープライズグループ,2025-09-22,PO-2025-0077,64390,64390,2025-10-22,支払済,総務部,伊藤浩,業務委託（IT以外）,,2025年09月分の業務委託,月次報告書,
O0000078,C000006,V00003,有限会社エンタープライズグループ,2025-06-06,PO-2025-0078,47263,47263,2025-07-06,支払済,総務部,田中誠,マーケティング支援,,2025年06月分の業務委託,月次報告書,
O0000079,C000006,V00003,有限会社エンタープライズグループ,2025-08-12,PO-2025-0079,33288,33288,2025-09-11,支払済,総務部,田中一郎,業務委託（IT以外）,,2025年08月分の業務委託,月次報告書,
O0000080,C000006,V00003,有限会社エンタープライズグループ,2025-07-02,PO-2025-0080,33986,0,2025-08-01,検収済,総務部,山本美穂,ITシステム保守・運用,,2025年07月分の業務委託,月次報告書,
O0000081,C000006,V00003,有限会社エンタープライズグループ,2025-06-21,PO-2025-0081,35022,35022,2025-07-21,支払済,総務部,佐々木愛,ITインフラ,,2025年06月分の業務委託,月次報告書,
O0000082,C000007,V00003,有限会社エンタープライズグループ,2026-09-29,PO-2026-0082,73418,0,2026-10-29,検収済,企画部,鈴木浩,業務委託（IT以外）,,2026年09月分の業務委託,月次報告書,
O0000083,C000007,V00003,有限会社エンタープライズグループ,2026-02-08,PO-2026-0083,87727,0,2026-03-10,検収済,企画部,清水健太,ITシステム開発,,2026年02月分の業務委託,月次報告書,
O0000084,C000007,V00003,有限会社エンタープライズグループ,2026-10-07,PO-2026-0084,84867,84867,2026-11-06,支払済,企画部,佐藤あゆみ,ITシステム開発,,2026年10月分の業務委託,月次報告書,
O0000085,C000007,V00003,有限会社エンタープライズグループ,2026-08-19,PO-2026-0085,60794,60794,2026-09-18,支払済,企画部,清水優子,ITシステム保守・運用,,2026年08月分の業務委託,月次報告書,
O0000086,C000007,V00003,有限会社エンタープライズグループ,2026-03-16,PO-2026-0086,52758,52758,2026-04-15,支払済,企画部,山口修,ITシステム開発,,2026年03月分の業務委託,月次報告書,
O0000087,C000007,V00003,有限会社エンタープライズグループ,2026-09-24,PO-2026-0087,95042,95042,2026-10-24,支払済,企画部,林恵,業務委託（IT以外）,,2026年09月分の業務委託,月次報告書,
O0000088,C000007,V00003,有限会社エンタープライズグループ,2025-12-16,PO-2025-0088,56736,56736,2026-01-15,支払済,企画部,山田美穂,業務委託（IT以外）,,2025年12月分の業務委託,月次報告書,
O0000089,C000007,V00003,有限会社エンタープライズグループ,2026-05-11,PO-2026-0089,87739,87739,2026-06-10,支払済,企画部,木村愛,ITシステム開発,,2026年05月分の業務委託,月次報告書,
O0000090,C000007,V00003,有限会社エンタープライズグループ,2026-06-10,PO-2026-0090,85151,85151,2026-07-10,支払済,企画部,加藤あゆみ,人材派遣,,2026年06月分の業務委託,月次報告書,
O0000091,C000007,V00003,有限会社エンタープライズグループ,2026-06-11,PO-2026-0091,88941,88941,2026-07-11,支払済,企画部,山崎あゆみ,業務委託（IT以外）,,2026年06月分の業務委託,月次報告書,
O0000092,C000007,V00003,有限会社エンタープライズグループ,2026-08-15,PO-2026-0092,77505,0,2026-09-14,検収済,企画部,高橋隆,ITシステム開発,,2026年08月分の業務委託,月次報告書,
O0000093,C000007,V00003,有限会社エンタープライズグループ,2026-08-15,PO-2026-0093,73682,0,2026-09-14,キャンセル,企画部,山口麻衣,業務委託（IT以外）,,2026年08月分の業務委託,月次報告書,
O0000094,C000007,V00003,有限会社エンタープライズグループ,2026-10-03,PO-2026-0094,64174,64174,2026-11-02,支払済,企画部,松本美穂,ITインフラ,,2026年10月分の業務委託,月次報告書,
O0000095,C000007,V00003,有限会社エンタープライズグループ,2026-06-12,PO-2026-0095,63908,63908,2026-07-12,支払済,企画部,林健太,ITシステム保守・運用,,2026年06月分の業務委託,月次報告書,
O0000096,C000007,V00003,有限会社エンタープライズグループ,2025-11-24,PO-2025-0096,90249,90249,2025-12-24,支払済,企画部,井上拓也,ITシステム開発,,2025年11月分の業務委託,月次報告書,
O0000097,C000007,V00003,有限会社エンタープライズグループ,2026-02-04,PO-2026-0097,73719,0,2026-03-06,キャンセル,企画部,佐藤隆,ITシステム開発,,2026年02月分の業務委託,月次報告書,
O0000098,C000007,V00003,有限会社エンタープライズグループ,2026-10-24,PO-2026-0098,56179,56179,2026-11-23,支払済,企画部,林真由美,ITシステム開発,,2026年10月分の業務委託,月次報告書,
O0000099,C000007,V00003,有限会社エンタープライズグループ,2026-05-11,PO-2026-0099,94804,94804,2026-06-10,支払済,企画部,高橋隆,ITシステム保守・運用,,2026年05月分の業務委託,月次報告書,
O0000100,C000007,V00003,有限会社エンタープライズグループ,2026-02-28,PO-2026-0100,78453,78453,2026-03-30,支払済,企画部,山崎美咲,ITシステム開発,,2026年02月分の業務委託,月次報告書,
O0000101,C000008,V00004,有限会社コンサルティングシステムズ,2024-07-22,PO-2024-0101,677960,0,2024-08-21,検収済,人事部,林麻衣,コンサルティング,,2024年07月分の業務委託,月次報告書,
O0000102,C000008,V00004,有限会社コンサルティングシステムズ,2024-11-03,PO-2024-0102,878947,0,2024-12-03,発注中,人事部,鈴木修,ITインフラ,,2024年11月分の業務委託,月次報告書,
O0000103,C000008,V00004,有限会社コンサルティングシステムズ,2024-09-19,PO-2024-0103,1011905,0,2024-10-19,検収済,人事部,小林大輔,ITシステム保守・運用,,2024年09月分の業務委託,月次報告書,
O0000104,C000008,V00004,有限会社コンサルティングシステムズ,2024-07-19,PO-2024-0104,1118726,1118726,2024-08-18,支払済,人事部,佐々木真由美,ITシステム保守・運用,,2024年07月分の業務委託,月次報告書,
O0000105,C000008,V00004,有限会社コンサルティングシステムズ,2025-05-29,PO-2025-0105,986306,0,2025-06-28,検収済,人事部,伊藤隆,ITシステム保守・運用,,2025年05月分の業務委託,月次報告書,
O0000106,C000008,V00004,有限会社コンサルティングシステムズ,2024-12-01,PO-2024-0106,1048348,1048348,2024-12-31,支払済,人事部,山田大輔,業務委託（IT以外）,,2024年12月分の業務委託,月次報告書,
O0000107,C000008,V00004,有限会社コンサルティングシステムズ,2025-04-15,PO-2025-0107,640554,0,2025-05-15,発注中,人事部,山本恵,ITシステム保守・運用,,2025年04月分の業務委託,月次報告書,
O0000108,C000008,V00004,有限会社コンサルティングシステムズ,2025-05-18,PO-2025-0108,880666,880666,2025-06-17,支払済,人事部,田中大輔,コンサルティング,,2025年05月分の業務委託,月次報告書,
O0000109,C000008,V00004,有限会社コンサルティングシステムズ,2024-12-28,PO-2024-0109,1136895,0,2025-01-27,発注中,人事部,伊藤麻衣,ITシステム保守・運用,,2024年12月分の業務委託,月次報告書,
O0000110,C000008,V00004,有限会社コンサルティングシステムズ,2025-02-05,PO-2025-0110,1263736,1263736,2025-03-07,支払済,人事部,加藤太郎,ITシステム開発,,2025年02月分の業務委託,月次報告書,
O0000111,C000009,V00004,有限会社コンサルティングシステムズ,2024-10-12,PO-2024-0111,83859,83859,2024-11-11,支払済,営業部,山口恵,ITシステム保守・運用,,2024年10月分の業務委託,月次報告書,
O0000112,C000009,V00004,有限会社コンサルティングシステムズ,2024-09-21,PO-2024-0112,97826,0,2024-10-21,発注中,営業部,佐藤さくら,ITシステム開発,,2024年09月分の業務委託,月次報告書,
O0000113,C000009,V00004,有限会社コンサルティングシステムズ,2024-10-09,PO-2024-0113,102860,102860,2024-11-08,支払済,営業部,山崎浩,ITシステム保守・運用,,2024年10月分の業務委託,月次報告書,
O0000114,C000009,V00004,有限会社コンサルティングシステムズ,2024-10-01,PO-2024-0114,92136,0,2024-10-31,検収済,営業部,林太郎,業務委託（IT以外）,,2024年10月分の業務委託,月次報告書,
O0000115,C000009,V00004,有限会社コンサルティングシステムズ,2024-11-11,PO-2024-0115,124625,124625,2024-12-11,支払済,営業部,高橋あゆみ,ITシステム保守・運用,,2024年11月分の業務委託,月次報告書,
O0000116,C000009,V00004,有限会社コンサルティングシステムズ,2024-09-24,PO-2024-0116,105733,105733,2024-10-24,支払済,営業部,伊藤さくら,ITシステム保守・運用,,2024年09月分の業務委託,月次報告書,
O0000117,C000009,V00004,有限会社コンサルティングシステムズ,2024-12-08,PO-2024-0117,92576,92576,2025-01-07,支払済,営業部,鈴木浩,業務委託（IT以外）,,2024年12月分の業務委託,月次報告書,
O0000118,C000009,V00004,有限会社コンサルティングシステムズ,2024-11-21,PO-2024-0118,80991,80991,2024-12-21,支払済,営業部,鈴木隆,ITシステム開発,,2024年11月分の業務委託,月次報告書,
O0000119,C000009,V00004,有限会社コンサルティングシステムズ,2024-10-21,PO-2024-0119,103682,103682,2024-11-20,支払済,営業部,山口さくら,ITシステム保守・運用,,2024年10月分の業務委託,月次報告書,
O0000120,C000009,V00004,有限会社コンサルティングシステムズ,2024-12-02,PO-2024-0120,80015,80015,2025-01-01,支払済,営業部,田中真由美,ITインフラ,,2024年12月分の業務委託,月次報告書,
O0000121,C000009,V00004,有限会社コンサルティングシステムズ,2024-11-11,PO-2024-0121,114122,114122,2024-12-11,支払済,営業部,山田あゆみ,ITシステム開発,,2024年11月分の業務委託,月次報告書,
O0000122,C000009,V00004,有限会社コンサルティングシステムズ,2024-09-21,PO-2024-0122,123431,123431,2024-10-21,支払済,営業部,山本愛,ITシステム保守・運用,,2024年09月分の業務委託,月次報告書,
O0000123,C000009,V00004,有限会社コンサルティングシステムズ,2024-11-02,PO-2024-0123,117980,117980,2024-12-02,支払済,営業部,田中恵,業務委託（IT以外）,,2024年11月分の業務委託,月次報告書,
O0000124,C000009,V00004,有限会社コンサルティングシステムズ,2024-12-03,PO-2024-0124,97858,97858,2025-01-02,支払済,営業部,木村真由美,ITシステム開発,,2024年12月分の業務委託,月次報告書,
O0000125,C000009,V00004,有限会社コンサルティングシステムズ,2024-11-17,PO-2024-0125,97231,97231,2024-12-17,支払済,営業部,木村翔太,コンサルティング,,2024年11月分の業務委託,月次報告書,
O0000126,C000009,V00004,有限会社コンサルティングシステムズ,2024-10-05,PO-2024-0126,81273,81273,2024-11-04,支払済,営業部,中村翔太,ITシステム保守・運用,,2024年10月分の業務委託,月次報告書,
O0000127,C000009,V00004,有限会社コンサルティングシステムズ,2024-12-13,PO-2024-0127,69017,69017,2025-01-12,支払済,営業部,鈴木さくら,業務委託（IT以外）,,2024年12月分の業務委託,月次報告書,
O0000128,C000009,V00004,有限会社コンサルティングシステムズ,2024-10-10,PO-2024-0128,86299,86299,2024-11-09,支払済,営業部,清水真由美,ITシステム開発,,2024年10月分の業務委託,月次報告書,
O0000129,C000009,V00004,有限会社コンサルティングシステムズ,2024-11-05,PO-2024-0129,68839,0,2024-12-05,納品済,営業部,山本真由美,業務委託（IT以外）,,2024年11月分の業務委託,月次報告書,
O0000130,C000010,V00005,有限会社セキュリティソリューションズ,2025-05-26,PO-2025-0130,43736,43736,2025-06-25,支払済,製造部,中村真由美,ITシステム開発,,2025年05月分の業務委託,月次報告書,
O0000131,C000010,V00005,有限会社セキュリティソリューションズ,2025-04-10,PO-2025-0131,28024,0,2025-05-10,納品済,製造部,小林美咲,業務委託（IT以外）,,2025年04月分の業務委託,月次報告書,
O0000132,C000010,V00005,有限会社セキュリティソリューションズ,2024-10-30,PO-2024-0132,42131,42131,2024-11-29,支払済,製造部,高橋修,ITシステム開発,,2024年10月分の業務委託,月次報告書,
O0000133,C000010,V00005,有限会社セキュリティソリューションズ,2024-10-30,PO-2024-0133,35442,35442,2024-11-29,支払済,製造部,高橋隆,ITシステム保守・運用,,2024年10月分の業務委託,月次報告書,
O0000134,C000010,V00005,有限会社セキュリティソリューションズ,2024-07-14,PO-2024-0134,28580,28580,2024-08-13,支払済,製造部,鈴木浩,ITシステム開発,,2024年07月分の業務委託,月次報告書,
O0000135,C000010,V00005,有限会社セキュリティソリューションズ,2024-09-22,PO-2024-0135,36066,0,2024-10-22,検収済,製造部,鈴木翔太,ITシステム保守・運用,,2024年09月分の業務委託,月次報告書,
O0000136,C000010,V00005,有限会社セキュリティソリューションズ,2024-09-25,PO-2024-0136,40349,40349,2024-10-25,支払済,製造部,井上修,ITシステム開発,,2024年09月分の業務委託,月次報告書,
O0000137,C000011,V00005,有限会社セキュリティソリューションズ,2025-07-10,PO-2025-0137,1000813,1000813,2025-08-09,支払済,情報システム部,清水美咲,ITシステム開発,,2025年07月分の業務委託,月次報告書,
O0000138,C000011,V00005,有限会社セキュリティソリューションズ,2025-05-26,PO-2025-0138,1226114,0,2025-06-25,納品済,情報システム部,清水隆,業務委託（IT以外）,,2025年05月分の業務委託,月次報告書,
O0000139,C000011,V00005,有限会社セキュリティソリューションズ,2025-09-17,PO-2025-0139,1467697,1467697,2025-10-17,支払済,情報システム部,小林大輔,ITシステム開発,,2025年09月分の業務委託,月次報告書,
O0000140,C000011,V00005,有限会社セキュリティソリューションズ,2025-06-05,PO-2025-0140,1354874,1354874,2025-07-05,支払済,情報システム部,木村一郎,ITインフラ,,2025年06月分の業務委託,月次報告書,
O0000141,C000011,V00005,有限会社セキュリティソリューションズ,2025-05-23,PO-2025-0141,1898402,0,2025-06-22,発注中,情報システム部,山本修,業務委託（IT以外）,,2025年05月分の業務委託,月次報告書,
O0000142,C000011,V00005,有限会社セキュリティソリューションズ,2025-09-10,PO-2025-0142,1256270,1256270,2025-10-10,支払済,情報システム部,木村優子,ITシステム開発,,2025年09月分の業務委託,月次報告書,
O0000143,C000012,V00006,株式会社イノベーションイノベーション,2024-12-07,PO-2024-0143,182590,0,2025-01-06,納品済,製造部,渡辺美穂,業務委託（IT以外）,,2024年12月分の業務委託,月次報告書,
O0000144,C000012,V00006,株式会社イノベーションイノベーション,2025-03-09,PO-2025-0144,182590,0,2025-04-08,検収済,製造部,渡辺一郎,ITシステム開発,,2025年03月分の業務委託,月次報告書,
O0000145,C000012,V00006,株式会社イノベーションイノベーション,2025-02-08,PO-2025-0145,182590,182590,2025-03-10,支払済,製造部,小林優子,ITシステム保守・運用,,2025年02月分の業務委託,月次報告書,
O0000146,C000012,V00006,株式会社イノベーションイノベーション,2025-04-01,PO-2025-0146,182590,0,2025-05-01,検収済,製造部,木村愛,ITインフラ,,2025年04月分の業務委託,月次報告書,
O0000147,C000012,V00006,株式会社イノベーションイノベーション,2025-07-11,PO-2025-0147,182590,182590,2025-08-10,支払済,製造部,佐々木翔太,ITシステム保守・運用,,2025年07月分の業務委託,月次報告書,
O0000148,C000013,V00006,株式会社イノベーションイノベーション,2025-03-23,PO-2025-0148,14064,14064,2025-04-22,支払済,品質管理部,木村真由美,ITシステム開発,,2025年03月分の業務委託,月次報告書,
O0000149,C000013,V00006,株式会社イノベーションイノベーション,2024-10-31,PO-2024-0149,13722,13722,2024-11-30,支払済,品質管理部,小林修,コンサルティング,,2024年10月分の業務委託,月次報告書,
O0000150,C000013,V00006,株式会社イノベーションイノベーション,2025-06-07,PO-2025-0150,18313,18313,2025-07-07,支払済,品質管理部,清水健太,ITシステム保守・運用,,2025年06月分の業務委託,月次報告書,
O0000151,C000013,V00006,株式会社イノベーションイノベーション,2025-03-25,PO-2025-0151,15486,15486,2025-04-24,支払済,品質管理部,山本真由美,ITシステム保守・運用,,2025年03月分の業務委託,月次報告書,
O0000152,C000013,V00006,株式会社イノベーションイノベーション,2024-07-26,PO-2024-0152,11653,11653,2024-08-25,支払済,品質管理部,佐藤愛,ITシステム保守・運用,,2024年07月分の業務委託,月次報告書,
O0000153,C000013,V00006,株式会社イノベーションイノベーション,2025-05-11,PO-2025-0153,13301,13301,2025-06-10,支払済,品質管理部,伊藤大輔,ITシステム開発,,2025年05月分の業務委託,月次報告書,
O0000154,C000013,V00006,株式会社イノベーションイノベーション,2025-03-21,PO-2025-0154,15706,15706,2025-04-20,支払済,品質管理部,清水真由美,業務委託（IT以外）,,2025年03月分の業務委託,月次報告書,
O0000155,C000013,V00006,株式会社イノベーションイノベーション,2025-01-19,PO-2025-0155,15472,0,2025-02-18,検収済,品質管理部,木村大輔,ITシステム保守・運用,,2025年01月分の業務委託,月次報告書,
O0000156,C000013,V00006,株式会社イノベーションイノベーション,2024-11-12,PO-2024-0156,10605,10605,2024-12-12,支払済,品質管理部,井上真由美,ITシステム保守・運用,,2024年11月分の業務委託,月次報告書,
O0000157,C000013,V00006,株式会社イノベーションイノベーション,2025-01-11,PO-2025-0157,14391,14391,2025-02-10,支払済,品質管理部,木村一郎,ITシステム保守・運用,,2025年01月分の業務委託,月次報告書,
O0000158,C000013,V00006,株式会社イノベーションイノベーション,2024-07-31,PO-2024-0158,9571,9571,2024-08-30,支払済,品質管理部,鈴木修,ITインフラ,,2024年07月分の業務委託,月次報告書,
O0000159,C000013,V00006,株式会社イノベーションイノベーション,2025-03-07,PO-2025-0159,12961,12961,2025-04-06,支払済,品質管理部,山崎修,ITインフラ,,2025年03月分の業務委託,月次報告書,
O0000160,C000013,V00006,株式会社イノベーションイノベーション,2025-01-18,PO-2025-0160,11720,11720,2025-02-17,支払済,品質管理部,田中翔太,ITインフラ,,2025年01月分の業務委託,月次報告書,
O0000161,C000013,V00006,株式会社イノベーションイノベーション,2024-11-17,PO-2024-0161,15676,15676,2024-12-17,支払済,品質管理部,渡辺花子,ITシステム保守・運用,,2024年11月分の業務委託,月次報告書,
O0000162,C000013,V00006,株式会社イノベーションイノベーション,2025-02-16,PO-2025-0162,17966,17966,2025-03-18,支払済,品質管理部,伊藤修,ITシステム開発,,2025年02月分の業務委託,月次報告書,
O0000163,C000013,V00006,株式会社イノベーションイノベーション,2024-11-30,PO-2024-0163,10013,10013,2024-12-30,支払済,品質管理部,吉田翔太,コンサルティング,,2024年11月分の業務委託,月次報告書,
O0000164,C000013,V00006,株式会社イノベーションイノベーション,2025-05-18,PO-2025-0164,17442,17442,2025-06-17,支払済,品質管理部,山本花子,ITシステム保守・運用,,2025年05月分の業務委託,月次報告書,
O0000165,C000013,V00006,株式会社イノベーションイノベーション,2024-11-02,PO-2024-0165,10576,10576,2024-12-02,支払済,品質管理部,木村愛,ITシステム開発,,2024年11月分の業務委託,月次報告書,
O0000166,C000013,V00006,株式会社イノベーションイノベーション,2024-09-28,PO-2024-0166,18511,18511,2024-10-28,支払済,品質管理部,鈴木拓也,ITシステム保守・運用,,2024年09月分の業務委託,月次報告書,
O0000167,C000013,V00006,株式会社イノベーションイノベーション,2024-10-02,PO-2024-0167,16982,0,2024-11-01,検収済,品質管理部,清水美咲,コンサルティング,,2024年10月分の業務委託,月次報告書,
O0000168,C000014,V00006,株式会社イノベーションイノベーション,2024-10-04,PO-2024-0168,231318,231318,2024-11-03,支払済,経理部,伊藤大輔,コンサルティング,,2024年10月分の業務委託,月次報告書,
O0000169,C000014,V00006,株式会社イノベーションイノベーション,2024-09-04,PO-2024-0169,231318,231318,2024-10-04,支払済,経理部,山崎愛,ITシステム保守・運用,,2024年09月分の業務委託,月次報告書,
O0000170,C000014,V00006,株式会社イノベーションイノベーション,2024-09-30,PO-2024-0170,231318,231318,2024-10-30,支払済,経理部,佐藤愛,ITシステム開発,,2024年09月分の業務委託,月次報告書,
O0000171,C000014,V00006,株式会社イノベーションイノベーション,2024-11-03,PO-2024-0171,231318,231318,2024-12-03,支払済,経理部,佐々木浩,ITインフラ,,2024年11月分の業務委託,月次報告書,
O0000172,C000014,V00006,株式会社イノベーションイノベーション,2024-11-01,PO-2024-0172,231318,0,2024-12-01,検収済,経理部,加藤美咲,ITシステム保守・運用,,2024年11月分の業務委託,月次報告書,
O0000173,C000015,V00006,株式会社イノベーションイノベーション,2025-05-01,PO-2025-0173,924875,924875,2025-05-31,支払済,人事部,山口花子,業務委託（IT以外）,,2025年05月分の業務委託,月次報告書,
O0000174,C000015,V00006,株式会社イノベーションイノベーション,2025-03-07,PO-2025-0174,924875,0,2025-04-06,納品済,人事部,井上真由美,ITシステム開発,,2025年03月分の業務委託,月次報告書,
O0000175,C000015,V00006,株式会社イノベーションイノベーション,2025-03-25,PO-2025-0175,924875,924875,2025-04-24,支払済,人事部,木村美穂,ITインフラ,,2025年03月分の業務委託,月次報告書,
O0000176,C000015,V00006,株式会社イノベーションイノベーション,2025-04-06,PO-2025-0176,924875,924875,2025-05-06,支払済,人事部,佐藤修,業務委託（IT以外）,,2025年04月分の業務委託,月次報告書,
O0000177,C000015,V00006,株式会社イノベーションイノベーション,2025-03-21,PO-2025-0177,924875,924875,2025-04-20,支払済,人事部,中村拓也,ITインフラ,,2025年03月分の業務委託,月次報告書,
O0000178,C000015,V00006,株式会社イノベーションイノベーション,2025-04-18,PO-2025-0178,924875,924875,2025-05-18,支払済,人事部,鈴木美咲,ITシステム保守・運用,,2025年04月分の業務委託,月次報告書,
O0000179,C000015,V00006,株式会社イノベーションイノベーション,2025-05-11,PO-2025-0179,924875,924875,2025-06-10,支払済,人事部,田中優子,ITシステム開発,,2025年05月分の業務委託,月次報告書,
O0000180,C000015,V00006,株式会社イノベーションイノベーション,2025-06-01,PO-2025-0180,924875,924875,2025-07-01,支払済,人事部,山田花子,ITシステム保守・運用,,2025年06月分の業務委託,月次報告書,
O0000181,C000015,V00006,株式会社イノベーションイノベーション,2025-05-13,PO-2025-0181,924875,924875,2025-06-12,支払済,人事部,鈴木さくら,マーケティング支援,,2025年05月分の業務委託,月次報告書,
O0000182,C000015,V00006,株式会社イノベーションイノベーション,2025-05-21,PO-2025-0182,924875,924875,2025-06-20,支払済,人事部,小林麻衣,ITシステム開発,,2025年05月分の業務委託,月次報告書,
O0000183,C000015,V00006,株式会社イノベーションイノベーション,2025-03-10,PO-2025-0183,924875,924875,2025-04-09,支払済,人事部,佐々木大輔,ITシステム保守・運用,,2025年03月分の業務委託,月次報告書,
O0000184,C000015,V00006,株式会社イノベーションイノベーション,2025-04-01,PO-2025-0184,924875,924875,2025-05-01,支払済,人事部,渡辺花子,ITシステム開発,,2025年04月分の業務委託,月次報告書,
O0000185,C000015,V00006,株式会社イノベーションイノベーション,2025-03-18,PO-2025-0185,924875,924875,2025-04-17,支払済,人事部,伊藤あゆみ,業務委託（IT以外）,,2025年03月分の業務委託,月次報告書,
O0000186,C000015,V00006,株式会社イノベーションイノベーション,2025-04-06,PO-2025-0186,924875,924875,2025-05-06,支払済,人事部,山崎大輔,ITインフラ,,2025年04月分の業務委託,月次報告書,
O0000187,C000016,V00006,株式会社イノベーションイノベーション,2026-05-03,PO-2026-0187,117816,117816,2026-06-02,支払済,情報システム部,渡辺美穂,業務委託（IT以外）,,2026年05月分の業務委託,月次報告書,
O0000188,C000016,V00006,株式会社イノベーションイノベーション,2026-06-03,PO-2026-0188,101679,101679,2026-07-03,支払済,情報システム部,山崎太郎,人材派遣,,2026年06月分の業務委託,月次報告書,
O0000189,C000016,V00006,株式会社イノベーションイノベーション,2026-06-11,PO-2026-0189,158554,158554,2026-07-11,支払済,情報システム部,佐藤翔太,ITインフラ,,2026年06月分の業務委託,月次報告書,
O0000190,C000016,V00006,株式会社イノベーションイノベーション,2026-05-01,PO-2026-0190,104705,104705,2026-05-31,支払済,情報システム部,山本美穂,ITインフラ,,2026年05月分の業務委託,月次報告書,
O0000191,C000016,V00006,株式会社イノベーションイノベーション,2026-06-03,PO-2026-0191,156106,156106,2026-07-03,支払済,情報システム部,山本美咲,ITインフラ,,2026年06月分の業務委託,月次報告書,
O0000192,C000016,V00006,株式会社イノベーションイノベーション,2026-01-26,PO-2026-0192,97456,97456,2026-02-25,支払済,情報システム部,田中誠,業務委託（IT以外）,,2026年01月分の業務委託,月次報告書,
O0000193,C000016,V00006,株式会社イノベーションイノベーション,2026-04-11,PO-2026-0193,114511,114511,2026-05-11,支払済,情報システム部,伊藤美穂,ITシステム保守・運用,,2026年04月分の業務委託,月次報告書,
O0000194,C000017,V00007,合同会社イノベーションシステムズ,2025-06-11,PO-2025-0194,1157068,1157068,2025-07-11,支払済,企画部,加藤拓也,ITシステム保守・運用,,2025年06月分の業務委託,月次報告書,
O0000195,C000017,V00007,合同会社イノベーションシステムズ,2025-09-26,PO-2025-0195,1157068,1157068,2025-10-26,支払済,企画部,木村太郎,業務委託（IT以外）,,2025年09月分の業務委託,月次報告書,
O0000196,C000017,V00007,合同会社イノベーションシステムズ,2025-10-06,PO-2025-0196,1157068,1157068,2025-11-05,支払済,企画部,田中翔太,ITインフラ,,2025年10月分の業務委託,月次報告書,
O0000197,C000017,V00007,合同会社イノベーションシステムズ,2025-05-26,PO-2025-0197,1157068,1157068,2025-06-25,支払済,企画部,加藤愛,ITインフラ,,2025年05月分の業務委託,月次報告書,
O0000198,C000017,V00007,合同会社イノベーションシステムズ,2025-05-21,PO-2025-0198,1157068,0,2025-06-20,納品済,企画部,佐々木美穂,ITインフラ,,2025年05月分の業務委託,月次報告書,
O0000199,C000017,V00007,合同会社イノベーションシステムズ,2025-07-30,PO-2025-0199,1157068,0,2025-08-29,キャンセル,企画部,山口一郎,ITインフラ,,2025年07月分の業務委託,月次報告書,
O0000200,C000018,V00008,有限会社グローバルパートナーズ,2025-05-28,PO-2025-0200,19549,0,2025-06-27,検収済,企画部,佐々木愛,ITインフラ,,2025年05月分の業務委託,月次報告書,
O0000201,C000018,V00008,有限会社グローバルパートナーズ,2025-06-26,PO-2025-0201,19549,19549,2025-07-26,支払済,企画部,松本大輔,人材派遣,,2025年06月分の業務委託,月次報告書,
O0000202,C000018,V00008,有限会社グローバルパートナーズ,2025-01-15,PO-2025-0202,19549,19549,2025-02-14,支払済,企画部,清水あゆみ,ITシステム保守・運用,,2025年01月分の業務委託,月次報告書,
O0000203,C000018,V00008,有限会社グローバルパートナーズ,2025-02-02,PO-2025-0203,19549,19549,2025-03-04,支払済,企画部,吉田真由美,マーケティング支援,,2025年02月分の業務委託,月次報告書,
O0000204,C000018,V00008,有限会社グローバルパートナーズ,2025-09-05,PO-2025-0204,19549,19549,2025-10-05,支払済,企画部,渡辺美咲,人材派遣,,2025年09月分の業務委託,月次報告書,
O0000205,C000018,V00008,有限会社グローバルパートナーズ,2025-01-03,PO-2025-0205,19549,19549,2025-02-02,支払済,企画部,林麻衣,ITインフラ,,2025年01月分の業務委託,月次報告書,
O0000206,C000018,V00008,有限会社グローバルパートナーズ,2024-11-21,PO-2024-0206,19549,19549,2024-12-21,支払済,企画部,田中麻衣,ITシステム開発,,2024年11月分の業務委託,月次報告書,
O0000207,C000018,V00008,有限会社グローバルパートナーズ,2025-05-24,PO-2025-0207,19549,19549,2025-06-23,支払済,企画部,清水翔太,コンサルティング,,2025年05月分の業務委託,月次報告書,
O0000208,C000019,V00008,有限会社グローバルパートナーズ,2025-06-18,PO-2025-0208,8886,0,2025-07-18,納品済,人事部,中村翔太,ITシステム保守・運用,,2025年06月分の業務委託,月次報告書,
O0000209,C000019,V00008,有限会社グローバルパートナーズ,2024-11-14,PO-2024-0209,8886,8886,2024-12-14,支払済,人事部,鈴木真由美,業務委託（IT以外）,,2024年11月分の業務委託,月次報告書,
O0000210,C000019,V00008,有限会社グローバルパートナーズ,2025-06-25,PO-2025-0210,8886,8886,2025-07-25,支払済,人事部,小林誠,ITインフラ,,2025年06月分の業務委託,月次報告書,
O0000211,C000019,V00008,有限会社グローバルパートナーズ,2025-03-22,PO-2025-0211,8886,0,2025-04-21,キャンセル,人事部,清水隆,ITシステム保守・運用,,2025年03月分の業務委託,月次報告書,
O0000212,C000019,V00008,有限会社グローバルパートナーズ,2025-08-28,PO-2025-0212,8886,8886,2025-09-27,支払済,人事部,松本真由美,ITインフラ,,2025年08月分の業務委託,月次報告書,
O0000213,C000019,V00008,有限会社グローバルパートナーズ,2025-09-14,PO-2025-0213,8886,8886,2025-10-14,支払済,人事部,高橋健太,コンサルティング,,2025年09月分の業務委託,月次報告書,
O0000214,C000019,V00008,有限会社グローバルパートナーズ,2024-10-15,PO-2024-0214,8886,8886,2024-11-14,支払済,人事部,清水真由美,コンサルティング,,2024年10月分の業務委託,月次報告書,
O0000215,C000019,V00008,有限会社グローバルパートナーズ,2024-10-26,PO-2024-0215,8886,0,2024-11-25,検収済,人事部,井上麻衣,ITシステム保守・運用,,2024年10月分の業務委託,月次報告書,
O0000216,C000019,V00008,有限会社グローバルパートナーズ,2025-03-13,PO-2025-0216,8886,0,2025-04-12,検収済,人事部,吉田修,ITシステム保守・運用,,2025年03月分の業務委託,月次報告書,
O0000217,C000020,V00008,有限会社グローバルパートナーズ,2026-08-21,PO-2026-0217,138006,0,2026-09-20,発注中,マーケティング部,鈴木美穂,ITシステム保守・運用,,2026年08月分の業務委託,月次報告書,
O0000218,C000020,V00008,有限会社グローバルパートナーズ,2026-09-10,PO-2026-0218,138006,0,2026-10-10,キャンセル,マーケティング部,山崎愛,人材派遣,,2026年09月分の業務委託,月次報告書,
O0000219,C000020,V00008,有限会社グローバルパートナーズ,2026-11-11,PO-2026-0219,138006,0,2026-12-11,検収済,マーケティング部,井上恵,ITシステム保守・運用,,2026年11月分の業務委託,月次報告書,
O0000220,C000020,V00008,有限会社グローバルパートナーズ,2026-05-19,PO-2026-0220,138006,138006,2026-06-18,支払済,マーケティング部,田中美咲,ITシステム保守・運用,,2026年05月分の業務委託,月次報告書,
O0000221,C000020,V00008,有限会社グローバルパートナーズ,2026-10-09,PO-2026-0221,138006,138006,2026-11-08,支払済,マーケティング部,井上一郎,ITシステム保守・運用,,2026年10月分の業務委託,月次報告書,
O0000222,C000020,V00008,有限会社グローバルパートナーズ,2026-10-16,PO-2026-0222,138006,0,2026-11-15,キャンセル,マーケティング部,山田あゆみ,マーケティング支援,,2026年10月分の業務委託,月次報告書,
O0000223,C000021,V00008,有限会社グローバルパートナーズ,2025-02-24,PO-2025-0223,29565,29565,2025-03-26,支払済,マーケティング部,山口隆,ITインフラ,,2025年02月分の業務委託,月次報告書,
O0000224,C000021,V00008,有限会社グローバルパートナーズ,2024-09-13,PO-2024-0224,34722,34722,2024-10-13,支払済,マーケティング部,伊藤健太,業務委託（IT以外）,,2024年09月分の業務委託,月次報告書,
O0000225,C000021,V00008,有限会社グローバルパートナーズ,2024-12-05,PO-2024-0225,34602,34602,2025-01-04,支払済,マーケティング部,山口健太,コンサルティング,,2024年12月分の業務委託,月次報告書,
O0000226,C000021,V00008,有限会社グローバルパートナーズ,2024-06-18,PO-2024-0226,21829,21829,2024-07-18,支払済,マーケティング部,山崎あゆみ,業務委託（IT以外）,,2024年06月分の業務委託,月次報告書,
O0000227,C000021,V00008,有限会社グローバルパートナーズ,2024-09-09,PO-2024-0227,33251,0,2024-10-09,発注中,マーケティング部,山口拓也,ITシステム保守・運用,,2024年09月分の業務委託,月次報告書,
O0000228,C000021,V00008,有限会社グローバルパートナーズ,2024-04-08,PO-2024-0228,24037,24037,2024-05-08,支払済,マーケティング部,林恵,ITシステム保守・運用,,2024年04月分の業務委託,月次報告書,
O0000229,C000022,V00008,有限会社グローバルパートナーズ,2026-10-05,PO-2026-0229,1139887,0,2026-11-04,検収済,営業部,鈴木太郎,マーケティング支援,,2026年10月分の業務委託,月次報告書,
O0000230,C000022,V00008,有限会社グローバルパートナーズ,2026-02-10,PO-2026-0230,1334901,1334901,2026-03-12,支払済,営業部,加藤翔太,マーケティング支援,,2026年02月分の業務委託,月次報告書,
O0000231,C000022,V00008,有限会社グローバルパートナーズ,2025-06-24,PO-2025-0231,768551,0,2025-07-24,キャンセル,営業部,田中隆,ITシステム開発,,2025年06月分の業務委託,月次報告書,
O0000232,C000022,V00008,有限会社グローバルパートナーズ,2025-01-06,PO-2025-0232,1443389,1443389,2025-02-05,支払済,営業部,渡辺愛,ITインフラ,,2025年01月分の業務委託,月次報告書,
O0000233,C000022,V00008,有限会社グローバルパートナーズ,2025-04-27,PO-2025-0233,1421972,1421972,2025-05-27,支払済,営業部,吉田恵,ITシステム保守・運用,,2025年04月分の業務委託,月次報告書,
O0000234,C000022,V00008,有限会社グローバルパートナーズ,2026-05-08,PO-2026-0234,876692,876692,2026-06-07,支払済,営業部,林誠,ITシステム開発,,2026年05月分の業務委託,月次報告書,
O0000235,C000022,V00008,有限会社グローバルパートナーズ,2026-03-29,PO-2026-0235,859533,859533,2026-04-28,支払済,営業部,佐藤修,ITシステム保守・運用,,2026年03月分の業務委託,月次報告書,
O0000236,C000022,V00008,有限会社グローバルパートナーズ,2026-09-16,PO-2026-0236,950144,0,2026-10-16,納品済,営業部,山田花子,その他,,2026年09月分の業務委託,月次報告書,
O0000237,C000022,V00008,有限会社グローバルパートナーズ,2025-04-11,PO-2025-0237,1094942,0,2025-05-11,納品済,営業部,小林さくら,ITシステム保守・運用,,2025年04月分の業務委託,月次報告書,
O0000238,C000022,V00008,有限会社グローバルパートナーズ,2026-01-31,PO-2026-0238,997442,997442,2026-03-02,支払済,営業部,山口美咲,マーケティング支援,,2026年01月分の業務委託,月次報告書,
O0000239,C000022,V00008,有限会社グローバルパートナーズ,2024-12-13,PO-2024-0239,940375,0,2025-01-12,納品済,営業部,佐藤健太,ITシステム開発,,2024年12月分の業務委託,月次報告書,
O0000240,C000022,V00008,有限会社グローバルパートナーズ,2025-06-24,PO-2025-0240,1289744,1289744,2025-07-24,支払済,営業部,佐藤誠,人材派遣,,2025年06月分の業務委託,月次報告書,
O0000241,C000022,V00008,有限会社グローバルパートナーズ,2024-11-19,PO-2024-0241,971859,971859,2024-12-19,支払済,営業部,山田太郎,業務委託（IT以外）,,2024年11月分の業務委託,月次報告書,
O0000242,C000023,V00009,合同会社システムラボ,2024-10-14,PO-2024-0242,1775871,1775871,2024-11-13,支払済,営業部,吉田優子,ITシステム保守・運用,,2024年10月分の業務委託,月次報告書,
O0000243,C000023,V00009,合同会社システムラボ,2024-11-12,PO-2024-0243,1206769,1206769,2024-12-12,支払済,営業部,山本真由美,ITインフラ,,2024年11月分の業務委託,月次報告書,
O0000244,C000023,V00009,合同会社システムラボ,2024-11-29,PO-2024-0244,1670241,1670241,2024-12-29,支払済,営業部,吉田さくら,コンサルティング,,2024年11月分の業務委託,月次報告書,
O0000245,C000023,V00009,合同会社システムラボ,2024-12-13,PO-2024-0245,982099,0,2025-01-12,検収済,営業部,渡辺拓也,ITシステム開発,,2024年12月分の業務委託,月次報告書,
O0000246,C000023,V00009,合同会社システムラボ,2024-10-04,PO-2024-0246,1616759,1616759,2024-11-03,支払済,営業部,渡辺一郎,ITシステム開発,,2024年10月分の業務委託,月次報告書,
O0000247,C000023,V00009,合同会社システムラボ,2024-10-07,PO-2024-0247,1181305,0,2024-11-06,発注中,営業部,田中美咲,ITシステム開発,,2024年10月分の業務委託,月次報告書,
O0000248,C000023,V00009,合同会社システムラボ,2024-11-01,PO-2024-0248,1395128,1395128,2024-12-01,支払済,営業部,井上優子,コンサルティング,,2024年11月分の業務委託,月次報告書,
O0000249,C000023,V00009,合同会社システムラボ,2024-10-26,PO-2024-0249,965531,965531,2024-11-25,支払済,営業部,佐々木太郎,ITシステム保守・運用,,2024年10月分の業務委託,月次報告書,
O0000250,C000023,V00009,合同会社システムラボ,2024-12-03,PO-2024-0250,1468837,0,2025-01-02,検収済,営業部,山崎太郎,ITインフラ,,2024年12月分の業務委託,月次報告書,
O0000251,C000023,V00009,合同会社システムラボ,2024-11-20,PO-2024-0251,1694315,0,2024-12-20,納品済,営業部,吉田美咲,ITシステム開発,,2024年11月分の業務委託,月次報告書,
O0000252,C000023,V00009,合同会社システムラボ,2024-10-15,PO-2024-0252,1561964,1561964,2024-11-14,支払済,営業部,高橋浩,業務委託（IT以外）,,2024年10月分の業務委託,月次報告書,
O0000253,C000023,V00009,合同会社システムラボ,2024-11-12,PO-2024-0253,1187410,1187410,2024-12-12,支払済,営業部,井上真由美,ITシステム開発,,2024年11月分の業務委託,月次報告書,
O0000254,C000023,V00009,合同会社システムラボ,2024-10-10,PO-2024-0254,1079435,1079435,2024-11-09,支払済,営業部,佐々木健太,ITインフラ,,2024年10月分の業務委託,月次報告書,
O0000255,C000023,V00009,合同会社システムラボ,2024-10-30,PO-2024-0255,1692872,1692872,2024-11-29,支払済,営業部,田中浩,コンサルティング,,2024年10月分の業務委託,月次報告書,
O0000256,C000024,V00009,合同会社システムラボ,2026-04-05,PO-2026-0256,234887,234887,2026-05-05,支払済,経理部,中村愛,コンサルティング,,2026年04月分の業務委託,月次報告書,
O0000257,C000024,V00009,合同会社システムラボ,2026-03-12,PO-2026-0257,234887,234887,2026-04-11,支払済,経理部,伊藤大輔,業務委託（IT以外）,,2026年03月分の業務委託,月次報告書,
O0000258,C000024,V00009,合同会社システムラボ,2025-12-24,PO-2025-0258,234887,0,2026-01-23,納品済,経理部,山崎大輔,ITインフラ,,2025年12月分の業務委託,月次報告書,
O0000259,C000024,V00009,合同会社システムラボ,2026-04-25,PO-2026-0259,234887,234887,2026-05-25,支払済,経理部,高橋修,コンサルティング,,2026年04月分の業務委託,月次報告書,
O0000260,C000024,V00009,合同会社システムラボ,2025-12-30,PO-2025-0260,234887,0,2026-01-29,発注中,経理部,田中さくら,業務委託（IT以外）,,2025年12月分の業務委託,月次報告書,
O0000261,C000024,V00009,合同会社システムラボ,2026-04-14,PO-2026-0261,234887,234887,2026-05-14,支払済,経理部,小林太郎,ITシステム保守・運用,,2026年04月分の業務委託,月次報告書,
O0000262,C000024,V00009,合同会社システムラボ,2026-08-30,PO-2026-0262,234887,0,2026-09-29,検収済,経理部,中村翔太,ITシステム保守・運用,,2026年08月分の業務委託,月次報告書,
O0000263,C000024,V00009,合同会社システムラボ,2026-08-29,PO-2026-0263,234887,0,2026-09-28,納品済,経理部,佐藤大輔,ITインフラ,,2026年08月分の業務委託,月次報告書,
O0000264,C000024,V00009,合同会社システムラボ,2026-03-28,PO-2026-0264,234887,0,2026-04-27,検収済,経理部,佐々木恵,ITシステム保守・運用,,2026年03月分の業務委託,月次報告書,
O0000265,C000024,V00009,合同会社システムラボ,2026-11-18,PO-2026-0265,234887,234887,2026-12-18,支払済,経理部,渡辺愛,コンサルティング,,2026年11月分の業務委託,月次報告書,
O0000266,C000024,V00009,合同会社システムラボ,2025-12-08,PO-2025-0266,234887,0,2026-01-07,納品済,経理部,加藤恵,ITシステム開発,,2025年12月分の業務委託,月次報告書,
O0000267,C000024,V00009,合同会社システムラボ,2026-03-29,PO-2026-0267,234887,234887,2026-04-28,支払済,経理部,山田麻衣,ITインフラ,,2026年03月分の業務委託,月次報告書,
O0000268,C000024,V00009,合同会社システムラボ,2026-09-06,PO-2026-0268,234887,234887,2026-10-06,支払済,経理部,木村大輔,業務委託（IT以外）,,2026年09月分の業務委託,月次報告書,
O0000269,C000024,V00009,合同会社システムラボ,2026-11-15,PO-2026-0269,234887,234887,2026-12-15,支払済,経理部,佐藤隆,ITシステム開発,,2026年11月分の業務委託,月次報告書,
O0000270,C000024,V00009,合同会社システムラボ,2026-11-08,PO-2026-0270,234887,234887,2026-12-08,支払済,経理部,山田あゆみ,ITシステム開発,,2026年11月分の業務委託,月次報告書,
O0000271,C000024,V00009,合同会社システムラボ,2026-10-10,PO-2026-0271,234887,234887,2026-11-09,支払済,経理部,松本誠,ITシステム開発,,2026年10月分の業務委託,月次報告書,
O0000272,C000024,V00009,合同会社システムラボ,2026-09-10,PO-2026-0272,234887,0,2026-10-10,納品済,経理部,渡辺愛,業務委託（IT以外）,,2026年09月分の業務委託,月次報告書,
O0000273,C000024,V00009,合同会社システムラボ,2026-03-27,PO-2026-0273,234887,0,2026-04-26,検収済,経理部,渡辺修,業務委託（IT以外）,,2026年03月分の業務委託,月次報告書,
O0000274,C000024,V00009,合同会社システムラボ,2026-10-05,PO-2026-0274,234887,234887,2026-11-04,支払済,経理部,山崎浩,マーケティング支援,,2026年10月分の業務委託,月次報告書,
O0000275,C000024,V00009,合同会社システムラボ,2026-03-10,PO-2026-0275,234887,234887,2026-04-09,支払済,経理部,田中恵,ITシステム開発,,2026年03月分の業務委託,月次報告書,
O0000276,C000025,V00009,合同会社システムラボ,2025-10-28,PO-2025-0276,1349803,1349803,2025-11-27,支払済,企画部,木村健太,ITシステム保守・運用,,2025年10月分の業務委託,月次報告書,
O0000277,C000025,V00009,合同会社システムラボ,2025-06-30,PO-2025-0277,1255011,0,2025-07-30,キャンセル,企画部,山田太郎,ITシステム保守・運用,,2025年06月分の業務委託,月次報告書,
O0000278,C000025,V00009,合同会社システムラボ,2025-12-11,PO-2025-0278,873252,873252,2026-01-10,支払済,企画部,山田誠,ITシステム保守・運用,,2025年12月分の業務委託,月次報告書,
O0000279,C000025,V00009,合同会社システムラボ,2026-01-29,PO-2026-0279,1630818,1630818,2026-02-28,支払済,企画部,小林恵,ITシステム開発,,2026年01月分の業務委託,月次報告書,
O0000280,C000025,V00009,合同会社システムラボ,2026-03-21,PO-2026-0280,1441075,1441075,2026-04-20,支払済,企画部,木村麻衣,ITシステム保守・運用,,2026年03月分の業務委託,月次報告書,
O0000281,C000025,V00009,合同会社システムラボ,2026-02-26,PO-2026-0281,1158418,0,2026-03-28,納品済,企画部,小林一郎,ITシステム保守・運用,,2026年02月分の業務委託,月次報告書,
O0000282,C000025,V00009,合同会社システムラボ,2026-03-10,PO-2026-0282,1475972,1475972,2026-04-09,支払済,企画部,山口恵,ITシステム保守・運用,,2026年03月分の業務委託,月次報告書,
O0000283,C000025,V00009,合同会社システムラボ,2025-10-15,PO-2025-0283,880575,880575,2025-11-14,支払済,企画部,高橋一郎,ITシステム開発,,2025年10月分の業務委託,月次報告書,
O0000284,C000026,V00009,合同会社システムラボ,2026-02-19,PO-2026-0284,233439,233439,2026-03-21,支払済,マーケティング部,松本美穂,ITシステム開発,,2026年02月分の業務委託,月次報告書,
O0000285,C000026,V00009,合同会社システムラボ,2026-02-28,PO-2026-0285,233439,233439,2026-03-30,支払済,マーケティング部,佐々木拓也,ITインフラ,,2026年02月分の業務委託,月次報告書,
O0000286,C000026,V00009,合同会社システムラボ,2025-10-04,PO-2025-0286,233439,0,2025-11-03,キャンセル,マーケティング部,伊藤浩,ITシステム開発,,2025年10月分の業務委託,月次報告書,
O0000287,C000026,V00009,合同会社システムラボ,2026-02-20,PO-2026-0287,233439,233439,2026-03-22,支払済,マーケティング部,小林浩,ITインフラ,,2026年02月分の業務委託,月次報告書,
O0000288,C000026,V00009,合同会社システムラボ,2025-08-21,PO-2025-0288,233439,233439,2025-09-20,支払済,マーケティング部,鈴木隆,業務委託（IT以外）,,2025年08月分の業務委託,月次報告書,
O0000289,C000026,V00009,合同会社システムラボ,2025-08-23,PO-2025-0289,233439,0,2025-09-22,検収済,マーケティング部,松本翔太,コンサルティング,,2025年08月分の業務委託,月次報告書,
O0000290,C000026,V00009,合同会社システムラボ,2025-11-15,PO-2025-0290,233439,233439,2025-12-15,支払済,マーケティング部,松本健太,ITシステム保守・運用,,2025年11月分の業務委託,月次報告書,
O0000291,C000026,V00009,合同会社システムラボ,2025-09-08,PO-2025-0291,233439,233439,2025-10-08,支払済,マーケティング部,佐藤麻衣,コンサルティング,,2025年09月分の業務委託,月次報告書,
O0000292,C000026,V00009,合同会社システムラボ,2026-06-21,PO-2026-0292,233439,233439,2026-07-21,支払済,マーケティング部,小林翔太,業務委託（IT以外）,,2026年06月分の業務委託,月次報告書,
O0000293,C000026,V00009,合同会社システムラボ,2026-02-03,PO-2026-0293,233439,0,2026-03-05,検収済,マーケティング部,井上修,ITシステム保守・運用,,2026年02月分の業務委託,月次報告書,
O0000294,C000026,V00009,合同会社システムラボ,2026-07-05,PO-2026-0294,233439,0,2026-08-04,検収済,マーケティング部,中村隆,ITシステム開発,,2026年07月分の業務委託,月次報告書,
O0000295,C000026,V00009,合同会社システムラボ,2026-05-12,PO-2026-0295,233439,0,2026-06-11,検収済,マーケティング部,加藤美穂,ITシステム保守・運用,,2026年05月分の業務委託,月次報告書,
O0000296,C000026,V00009,合同会社システムラボ,2026-07-15,PO-2026-0296,233439,233439,2026-08-14,支払済,マーケティング部,田中太郎,ITシステム開発,,2026年07月分の業務委託,月次報告書,
O0000297,C000026,V00009,合同会社システムラボ,2025-11-08,PO-2025-0297,233439,0,2025-12-08,発注中,マーケティング部,吉田さくら,ITシステム保守・運用,,2025年11月分の業務委託,月次報告書,
O0000298,C000026,V00009,合同会社システムラボ,2025-10-05,PO-2025-0298,233439,0,2025-11-04,納品済,マーケティング部,山田太郎,ITシステム保守・運用,,2025年10月分の業務委託,月次報告書,
O0000299,C000026,V00009,合同会社システムラボ,2026-04-08,PO-2026-0299,233439,233439,2026-05-08,支払済,マーケティング部,吉田修,ITシステム保守・運用,,2026年04月分の業務委託,月次報告書,
O0000300,C000027,V00009,合同会社システムラボ,2024-10-25,PO-2024-0300,6435370,0,2024-11-24,納品済,営業部,松本太郎,業務委託（IT以外）,,2024年10月分の業務委託,月次報告書,
O0000301,C000027,V00009,合同会社システムラボ,2024-12-18,PO-2024-0301,6435370,6435370,2025-01-17,支払済,営業部,中村優子,業務委託（IT以外）,,2024年12月分の業務委託,月次報告書,
O0000302,C000027,V00009,合同会社システムラボ,2024-12-27,PO-2024-0302,6435370,6435370,2025-01-26,支払済,営業部,木村あゆみ,ITシステム保守・運用,,2024年12月分の業務委託,月次報告書,
O0000303,C000027,V00009,合同会社システムラボ,2024-12-15,PO-2024-0303,6435370,6435370,2025-01-14,支払済,営業部,清水愛,ITシステム保守・運用,,2024年12月分の業務委託,月次報告書,
O0000304,C000027,V00009,合同会社システムラボ,2025-01-05,PO-2025-0304,6435370,0,2025-02-04,納品済,営業部,山口恵,ITシステム保守・運用,,2025年01月分の業務委託,月次報告書,
O0000305,C000027,V00009,合同会社システムラボ,2024-12-28,PO-2024-0305,6435370,0,2025-01-27,検収済,営業部,中村翔太,ITシステム保守・運用,,2024年12月分の業務委託,月次報告書,
O0000306,C000028,V00010,株式会社クラウドコンサルティング,2025-10-14,PO-2025-0306,100576,100576,2025-11-13,支払済,品質管理部,小林美穂,コンサルティング,,2025年10月分の業務委託,月次報告書,
O0000307,C000028,V00010,株式会社クラウドコンサルティング,2025-11-02,PO-2025-0307,100576,100576,2025-12-02,支払済,品質管理部,山口修,ITシステム開発,,2025年11月分の業務委託,月次報告書,
O0000308,C000028,V00010,株式会社クラウドコンサルティング,2025-09-28,PO-2025-0308,100576,0,2025-10-28,検収済,品質管理部,木村麻衣,コンサルティング,,2025年09月分の業務委託,月次報告書,
O0000309,C000028,V00010,株式会社クラウドコンサルティング,2025-08-12,PO-2025-0309,100576,0,2025-09-11,納品済,品質管理部,佐藤真由美,ITシステム開発,,2025年08月分の業務委託,月次報告書,
O0000310,C000028,V00010,株式会社クラウドコンサルティング,2025-09-29,PO-2025-0310,100576,100576,2025-10-29,支払済,品質管理部,松本修,ITインフラ,,2025年09月分の業務委託,月次報告書,
O0000311,C000028,V00010,株式会社クラウドコンサルティング,2025-09-24,PO-2025-0311,100576,100576,2025-10-24,支払済,品質管理部,山本誠,ITシステム開発,,2025年09月分の業務委託,月次報告書,
O0000312,C000028,V00010,株式会社クラウドコンサルティング,2025-09-11,PO-2025-0312,100576,0,2025-10-11,検収済,品質管理部,加藤愛,ITインフラ,,2025年09月分の業務委託,月次報告書,
O0000313,C000028,V00010,株式会社クラウドコンサルティング,2025-09-04,PO-2025-0313,100576,0,2025-10-04,検収済,品質管理部,山本健太,ITシステム保守・運用,,2025年09月分の業務委託,月次報告書,
O0000314,C000028,V00010,株式会社クラウドコンサルティング,2025-08-30,PO-2025-0314,100576,100576,2025-09-29,支払済,品質管理部,清水花子,ITシステム保守・運用,,2025年08月分の業務委託,月次報告書,
O0000315,C000028,V00010,株式会社クラウドコンサルティング,2025-10-28,PO-2025-0315,100576,100576,2025-11-27,支払済,品質管理部,佐々木太郎,ITシステム開発,,2025年10月分の業務委託,月次報告書,
O0000316,C000028,V00010,株式会社クラウドコンサルティング,2025-09-11,PO-2025-0316,100576,100576,2025-10-11,支払済,品質管理部,山崎愛,ITシステム保守・運用,,2025年09月分の業務委託,月次報告書,
O0000317,C000028,V00010,株式会社クラウドコンサルティング,2025-08-10,PO-2025-0317,100576,100576,2025-09-09,支払済,品質管理部,山口愛,ITシステム保守・運用,,2025年08月分の業務委託,月次報告書,
O0000318,C000028,V00010,株式会社クラウドコンサルティング,2025-08-18,PO-2025-0318,100576,0,2025-09-17,納品済,品質管理部,吉田太郎,業務委託（IT以外）,,2025年08月分の業務委託,月次報告書,
O0000319,C000028,V00010,株式会社クラウドコンサルティング,2025-09-11,PO-2025-0319,100576,0,2025-10-11,発注中,品質管理部,木村美穂,人材派遣,,2025年09月分の業務委託,月次報告書,
O0000320,C000028,V00010,株式会社クラウドコンサルティング,2025-10-29,PO-2025-0320,100576,100576,2025-11-28,支払済,品質管理部,小林翔太,ITシステム開発,,2025年10月分の業務委託,月次報告書,
O0000321,C000029,V00010,株式会社クラウドコンサルティング,2025-05-12,PO-2025-0321,45663,0,2025-06-11,納品済,品質管理部,鈴木誠,コンサルティング,,2025年05月分の業務委託,月次報告書,
O0000322,C000029,V00010,株式会社クラウドコンサルティング,2025-05-20,PO-2025-0322,40058,40058,2025-06-19,支払済,品質管理部,中村一郎,ITシステム開発,,2025年05月分の業務委託,月次報告書,
O0000323,C000029,V00010,株式会社クラウドコンサルティング,2025-01-06,PO-2025-0323,58492,0,2025-02-05,発注中,品質管理部,井上美穂,ITシステム開発,,2025年01月分の業務委託,月次報告書,
O0000324,C000029,V00010,株式会社クラウドコンサルティング,2024-10-16,PO-2024-0324,44979,44979,2024-11-15,支払済,品質管理部,渡辺恵,人材派遣,,2024年10月分の業務委託,月次報告書,
O0000325,C000029,V00010,株式会社クラウドコンサルティング,2025-06-04,PO-2025-0325,49885,0,2025-07-04,発注中,品質管理部,田中健太,ITシステム保守・運用,,2025年06月分の業務委託,月次報告書,
O0000326,C000029,V00010,株式会社クラウドコンサルティング,2025-01-09,PO-2025-0326,43170,43170,2025-02-08,支払済,品質管理部,井上誠,コンサルティング,,2025年01月分の業務委託,月次報告書,
O0000327,C000029,V00010,株式会社クラウドコンサルティング,2025-03-18,PO-2025-0327,37711,37711,2025-04-17,支払済,品質管理部,林あゆみ,ITシステム保守・運用,,2025年03月分の業務委託,月次報告書,
O0000328,C000029,V00010,株式会社クラウドコンサルティング,2025-03-02,PO-2025-0328,51454,51454,2025-04-01,支払済,品質管理部,山崎美穂,コンサルティング,,2025年03月分の業務委託,月次報告書,
O0000329,C000029,V00010,株式会社クラウドコンサルティング,2025-02-19,PO-2025-0329,50198,50198,2025-03-21,支払済,品質管理部,山崎浩,ITシステム保守・運用,,2025年02月分の業務委託,月次報告書,
O0000330,C000029,V00010,株式会社クラウドコンサルティング,2025-08-05,PO-2025-0330,47504,47504,2025-09-04,支払済,品質管理部,伊藤真由美,人材派遣,,2025年08月分の業務委託,月次報告書,
O0000331,C000029,V00010,株式会社クラウドコンサルティング,2024-12-11,PO-2024-0331,46324,0,2025-01-10,納品済,品質管理部,伊藤花子,ITシステム保守・運用,,2024年12月分の業務委託,月次報告書,
O0000332,C000029,V00010,株式会社クラウドコンサルティング,2025-08-07,PO-2025-0332,58469,58469,2025-09-06,支払済,品質管理部,吉田あゆみ,ITシステム保守・運用,,2025年08月分の業務委託,月次報告書,
O0000333,C000029,V00010,株式会社クラウドコンサルティング,2025-04-13,PO-2025-0333,39327,39327,2025-05-13,支払済,品質管理部,井上恵,人材派遣,,2025年04月分の業務委託,月次報告書,
O0000334,C000029,V00010,株式会社クラウドコンサルティング,2025-06-19,PO-2025-0334,64737,0,2025-07-19,発注中,品質管理部,山崎翔太,ITシステム保守・運用,,2025年06月分の業務委託,月次報告書,
O0000335,C000029,V00010,株式会社クラウドコンサルティング,2024-12-18,PO-2024-0335,62971,62971,2025-01-17,支払済,品質管理部,渡辺隆,ITシステム保守・運用,,2024年12月分の業務委託,月次報告書,
O0000336,C000029,V00010,株式会社クラウドコンサルティング,2025-06-11,PO-2025-0336,47857,0,2025-07-11,検収済,品質管理部,井上拓也,ITシステム開発,,2025年06月分の業務委託,月次報告書,
O0000337,C000029,V00010,株式会社クラウドコンサルティング,2025-08-02,PO-2025-0337,36106,0,2025-09-01,納品済,品質管理部,小林修,コンサルティング,,2025年08月分の業務委託,月次報告書,
O0000338,C000029,V00010,株式会社クラウドコンサルティング,2025-08-07,PO-2025-0338,33372,33372,2025-09-06,支払済,品質管理部,加藤恵,ITシステム保守・運用,,2025年08月分の業務委託,月次報告書,
O0000339,C000029,V00010,株式会社クラウドコンサルティング,2024-10-15,PO-2024-0339,38353,38353,2024-11-14,支払済,品質管理部,山崎恵,ITシステム開発,,2024年10月分の業務委託,月次報告書,
O0000340,C000030,V00010,株式会社クラウドコンサルティング,2026-03-30,PO-2026-0340,329710,0,2026-04-29,検収済,営業部,松本翔太,ITシステム開発,,2026年03月分の業務委託,月次報告書,
O0000341,C000030,V00010,株式会社クラウドコンサルティング,2025-12-28,PO-2025-0341,329710,0,2026-01-27,検収済,営業部,山田太郎,ITシステム開発,,2025年12月分の業務委託,月次報告書,
O0000342,C000030,V00010,株式会社クラウドコンサルティング,2026-02-09,PO-2026-0342,329710,0,2026-03-11,検収済,営業部,小林優子,ITシステム保守・運用,,2026年02月分の業務委託,月次報告書,
O0000343,C000030,V00010,株式会社クラウドコンサルティング,2026-03-21,PO-2026-0343,329710,0,2026-04-20,発注中,営業部,田中真由美,ITシステム保守・運用,,2026年03月分の業務委託,月次報告書,
O0000344,C000030,V00010,株式会社クラウドコンサルティング,2025-11-29,PO-2025-0344,329710,0,2025-12-29,検収済,営業部,松本隆,業務委託（IT以外）,,2025年11月分の業務委託,月次報告書,
O0000345,C000030,V00010,株式会社クラウドコンサルティング,2026-03-02,PO-2026-0345,329710,329710,2026-04-01,支払済,営業部,佐藤修,ITシステム保守・運用,,2026年03月分の業務委託,月次報告書,
O0000346,C000030,V00010,株式会社クラウドコンサルティング,2026-05-10,PO-2026-0346,329710,329710,2026-06-09,支払済,営業部,高橋拓也,コンサルティング,,2026年05月分の業務委託,月次報告書,
O0000347,C000030,V00010,株式会社クラウドコンサルティング,2026-01-18,PO-2026-0347,329710,329710,2026-02-17,支払済,営業部,高橋愛,業務委託（IT以外）,,2026年01月分の業務委託,月次報告書,
O0000348,C000031,V00010,株式会社クラウドコンサルティング,2025-02-12,PO-2025-0348,15713,0,2025-03-14,納品済,総務部,田中真由美,マーケティング支援,,2025年02月分の業務委託,月次報告書,
O0000349,C000031,V00010,株式会社クラウドコンサルティング,2024-03-28,PO-2024-0349,14755,14755,2024-04-27,支払済,総務部,吉田愛,コンサルティング,,2024年03月分の業務委託,月次報告書,
O0000350,C000031,V00010,株式会社クラウドコンサルティング,2024-06-24,PO-2024-0350,17539,0,2024-07-24,キャンセル,総務部,山崎太郎,ITシステム保守・運用,,2024年06月分の業務委託,月次報告書,
O0000351,C000031,V00010,株式会社クラウドコンサルティング,2024-07-14,PO-2024-0351,25372,25372,2024-08-13,支払済,総務部,佐藤愛,ITシステム保守・運用,,2024年07月分の業務委託,月次報告書,
O0000352,C000031,V00010,株式会社クラウドコンサルティング,2025-03-08,PO-2025-0352,17947,17947,2025-04-07,支払済,総務部,松本さくら,ITシステム開発,,2025年03月分の業務委託,月次報告書,
O0000353,C000031,V00010,株式会社クラウドコンサルティング,2024-11-10,PO-2024-0353,25353,0,2024-12-10,納品済,総務部,井上真由美,ITシステム開発,,2024年11月分の業務委託,月次報告書,
O0000354,C000031,V00010,株式会社クラウドコンサルティング,2024-07-21,PO-2024-0354,18223,0,2024-08-20,キャンセル,総務部,木村美咲,ITシステム開発,,2024年07月分の業務委託,月次報告書,
O0000355,C000031,V00010,株式会社クラウドコンサルティング,2024-12-12,PO-2024-0355,17168,17168,2025-01-11,支払済,総務部,中村花子,ITシステム保守・運用,,2024年12月分の業務委託,月次報告書,
O0000356,C000031,V00010,株式会社クラウドコンサルティング,2024-07-28,PO-2024-0356,14870,14870,2024-08-27,支払済,総務部,吉田麻衣,業務委託（IT以外）,,2024年07月分の業務委託,月次報告書,
O0000357,C000031,V00010,株式会社クラウドコンサルティング,2024-10-19,PO-2024-0357,17040,17040,2024-11-18,支払済,総務部,山田翔太,ITインフラ,,2024年10月分の業務委託,月次報告書,
O0000358,C000031,V00010,株式会社クラウドコンサルティング,2024-06-06,PO-2024-0358,15095,0,2024-07-06,検収済,総務部,清水太郎,コンサルティング,,2024年06月分の業務委託,月次報告書,
O0000359,C000031,V00010,株式会社クラウドコンサルティング,2024-10-22,PO-2024-0359,21914,0,2024-11-21,検収済,総務部,中村拓也,コンサルティング,,2024年10月分の業務委託,月次報告書,
O0000360,C000031,V00010,株式会社クラウドコンサルティング,2024-12-22,PO-2024-0360,22193,22193,2025-01-21,支払済,総務部,林健太,ITシステム開発,,2024年12月分の業務委託,月次報告書,
O0000361,C000031,V00010,株式会社クラウドコンサルティング,2024-06-20,PO-2024-0361,24607,24607,2024-07-20,支払済,総務部,小林太郎,人材派遣,,2024年06月分の業務委託,月次報告書,
O0000362,C000031,V00010,株式会社クラウドコンサルティング,2024-04-12,PO-2024-0362,22473,22473,2024-05-12,支払済,総務部,井上拓也,ITシステム保守・運用,,2024年04月分の業務委託,月次報告書,
O0000363,C000031,V00010,株式会社クラウドコンサルティング,2024-04-02,PO-2024-0363,16060,16060,2024-05-02,支払済,総務部,山口健太,業務委託（IT以外）,,2024年04月分の業務委託,月次報告書,
O0000364,C000031,V00010,株式会社クラウドコンサルティング,2024-12-07,PO-2024-0364,20009,20009,2025-01-06,支払済,総務部,佐々木浩,ITシステム開発,,2024年12月分の業務委託,月次報告書,
O0000365,C000031,V00010,株式会社クラウドコンサルティング,2024-12-28,PO-2024-0365,13507,13507,2025-01-27,支払済,総務部,清水翔太,ITシステム保守・運用,,2024年12月分の業務委託,月次報告書,
O0000366,C000032,V00010,株式会社クラウドコンサルティング,2024-05-18,PO-2024-0366,269160,269160,2024-06-17,支払済,品質管理部,吉田健太,業務委託（IT以外）,,2024年05月分の業務委託,月次報告書,
O0000367,C000032,V00010,株式会社クラウドコンサルティング,2024-05-31,PO-2024-0367,174600,174600,2024-06-30,支払済,品質管理部,加藤隆,人材派遣,,2024年05月分の業務委託,月次報告書,
O0000368,C000032,V00010,株式会社クラウドコンサルティング,2024-05-03,PO-2024-0368,313179,0,2024-06-02,検収済,品質管理部,井上太郎,コンサルティング,,2024年05月分の業務委託,月次報告書,
O0000369,C000032,V00010,株式会社クラウドコンサルティング,2024-05-10,PO-2024-0369,181896,181896,2024-06-09,支払済,品質管理部,佐藤花子,ITインフラ,,2024年05月分の業務委託,月次報告書,
O0000370,C000032,V00010,株式会社クラウドコンサルティング,2024-07-09,PO-2024-0370,300917,300917,2024-08-08,支払済,品質管理部,中村あゆみ,人材派遣,,2024年07月分の業務委託,月次報告書,
O0000371,C000032,V00010,株式会社クラウドコンサルティング,2024-05-24,PO-2024-0371,321237,321237,2024-06-23,支払済,品質管理部,山口拓也,ITシステム保守・運用,,2024年05月分の業務委託,月次報告書,
O0000372,C000032,V00010,株式会社クラウドコンサルティング,2024-07-15,PO-2024-0372,264504,264504,2024-08-14,支払済,品質管理部,高橋愛,ITシステム保守・運用,,2024年07月分の業務委託,月次報告書,
O0000373,C000032,V00010,株式会社クラウドコンサルティング,2024-06-06,PO-2024-0373,295541,295541,2024-07-06,支払済,品質管理部,伊藤拓也,業務委託（IT以外）,,2024年06月分の業務委託,月次報告書,
O0000374,C000032,V00010,株式会社クラウドコンサルティング,2024-06-29,PO-2024-0374,310898,310898,2024-07-29,支払済,品質管理部,渡辺あゆみ,業務委託（IT以外）,,2024年06月分の業務委託,月次報告書,
O0000375,C000033,V00011,イノベーションコーポレーション株式会社,2024-05-12,PO-2024-0375,6160600,6160600,2024-06-11,支払済,品質管理部,井上翔太,ITシステム保守・運用,,2024年05月分の業務委託,月次報告書,
O0000376,C000033,V00011,イノベーションコーポレーション株式会社,2024-10-28,PO-2024-0376,7821842,7821842,2024-11-27,支払済,品質管理部,林真由美,ITシステム開発,,2024年10月分の業務委託,月次報告書,
O0000377,C000033,V00011,イノベーションコーポレーション株式会社,2024-06-12,PO-2024-0377,7362770,0,2024-07-12,キャンセル,品質管理部,山崎拓也,業務委託（IT以外）,,2024年06月分の業務委託,月次報告書,
O0000378,C000033,V00011,イノベーションコーポレーション株式会社,2024-08-24,PO-2024-0378,5323260,5323260,2024-09-23,支払済,品質管理部,山田優子,ITシステム保守・運用,,2024年08月分の業務委託,月次報告書,
O0000379,C000033,V00011,イノベーションコーポレーション株式会社,2024-12-04,PO-2024-0379,5080282,5080282,2025-01-03,支払済,品質管理部,山口誠,業務委託（IT以外）,,2024年12月分の業務委託,月次報告書,
O0000380,C000033,V00011,イノベーションコーポレーション株式会社,2024-06-28,PO-2024-0380,5170923,5170923,2024-07-28,支払済,品質管理部,小林一郎,ITシステム保守・運用,,2024年06月分の業務委託,月次報告書,
O0000381,C000033,V00011,イノベーションコーポレーション株式会社,2024-08-13,PO-2024-0381,6498089,6498089,2024-09-12,支払済,品質管理部,山崎美穂,ITシステム保守・運用,,2024年08月分の業務委託,月次報告書,
O0000382,C000033,V00011,イノベーションコーポレーション株式会社,2024-11-26,PO-2024-0382,8376589,8376589,2024-12-26,支払済,品質管理部,渡辺美穂,マーケティング支援,,2024年11月分の業務委託,月次報告書,
O0000383,C000033,V00011,イノベーションコーポレーション株式会社,2024-07-06,PO-2024-0383,6870615,6870615,2024-08-05,支払済,品質管理部,林美咲,ITインフラ,,2024年07月分の業務委託,月次報告書,
O0000384,C000033,V00011,イノベーションコーポレーション株式会社,2024-12-27,PO-2024-0384,5737430,0,2025-01-26,納品済,品質管理部,清水拓也,業務委託（IT以外）,,2024年12月分の業務委託,月次報告書,
O0000385,C000033,V00011,イノベーションコーポレーション株式会社,2024-10-05,PO-2024-0385,6741120,6741120,2024-11-04,支払済,品質管理部,井上愛,ITシステム保守・運用,,2024年10月分の業務委託,月次報告書,
O0000386,C000034,V00011,イノベーションコーポレーション株式会社,2024-11-03,PO-2024-0386,46952,46952,2024-12-03,支払済,経理部,林美咲,コンサルティング,,2024年11月分の業務委託,月次報告書,
O0000387,C000034,V00011,イノベーションコーポレーション株式会社,2025-05-25,PO-2025-0387,35647,0,2025-06-24,納品済,経理部,中村あゆみ,ITシステム保守・運用,,2025年05月分の業務委託,月次報告書,
O0000388,C000034,V00011,イノベーションコーポレーション株式会社,2024-11-20,PO-2024-0388,51675,0,2024-12-20,検収済,経理部,田中誠,ITインフラ,,2024年11月分の業務委託,月次報告書,
O0000389,C000034,V00011,イノベーションコーポレーション株式会社,2024-09-01,PO-2024-0389,66986,66986,2024-10-01,支払済,経理部,田中真由美,その他,,2024年09月分の業務委託,月次報告書,
O0000390,C000034,V00011,イノベーションコーポレーション株式会社,2025-03-06,PO-2025-0390,40834,0,2025-04-05,発注中,経理部,高橋翔太,ITシステム開発,,2025年03月分の業務委託,月次報告書,
O0000391,C000034,V00011,イノベーションコーポレーション株式会社,2024-08-06,PO-2024-0391,36698,0,2024-09-05,キャンセル,経理部,山本恵,ITシステム保守・運用,,2024年08月分の業務委託,月次報告書,
O0000392,C000034,V00011,イノベーションコーポレーション株式会社,2024-09-27,PO-2024-0392,68277,0,2024-10-27,検収済,経理部,中村美穂,ITシステム開発,,2024年09月分の業務委託,月次報告書,
O0000393,C000034,V00011,イノベーションコーポレーション株式会社,2025-04-27,PO-2025-0393,50750,0,2025-05-27,キャンセル,経理部,清水さくら,業務委託（IT以外）,,2025年04月分の業務委託,月次報告書,
O0000394,C000034,V00011,イノベーションコーポレーション株式会社,2024-12-10,PO-2024-0394,62560,62560,2025-01-09,支払済,経理部,山田麻衣,ITシステム開発,,2024年12月分の業務委託,月次報告書,
O0000395,C000035,V00012,合同会社スマートデザイン,2026-04-05,PO-2026-0395,661937,661937,2026-05-05,支払済,総務部,鈴木優子,コンサルティング,,2026年04月分の業務委託,月次報告書,
O0000396,C000035,V00012,合同会社スマートデザイン,2025-11-14,PO-2025-0396,661937,661937,2025-12-14,支払済,総務部,山崎誠,ITシステム開発,,2025年11月分の業務委託,月次報告書,
O0000397,C000035,V00012,合同会社スマートデザイン,2025-03-02,PO-2025-0397,661937,0,2025-04-01,納品済,総務部,加藤麻衣,ITシステム保守・運用,,2025年03月分の業務委託,月次報告書,
O0000398,C000035,V00012,合同会社スマートデザイン,2026-09-16,PO-2026-0398,661937,661937,2026-10-16,支払済,総務部,伊藤浩,ITシステム保守・運用,,2026年09月分の業務委託,月次報告書,
O0000399,C000035,V00012,合同会社スマートデザイン,2024-10-22,PO-2024-0399,661937,0,2024-11-21,キャンセル,総務部,伊藤麻衣,業務委託（IT以外）,,2024年10月分の業務委託,月次報告書,
O0000400,C000035,V00012,合同会社スマートデザイン,2026-09-14,PO-2026-0400,661937,661937,2026-10-14,支払済,総務部,伊藤花子,ITインフラ,,2026年09月分の業務委託,月次報告書,
O0000401,C000035,V00012,合同会社スマートデザイン,2025-03-01,PO-2025-0401,661937,661937,2025-03-31,支払済,総務部,佐々木拓也,ITシステム開発,,2025年03月分の業務委託,月次報告書,
O0000402,C000035,V00012,合同会社スマートデザイン,2026-03-27,PO-2026-0402,661937,661937,2026-04-26,支払済,総務部,山崎あゆみ,ITシステム保守・運用,,2026年03月分の業務委託,月次報告書,
O0000403,C000035,V00012,合同会社スマートデザイン,2025-09-16,PO-2025-0403,661937,661937,2025-10-16,支払済,総務部,清水麻衣,人材派遣,,2025年09月分の業務委託,月次報告書,
O0000404,C000035,V00012,合同会社スマートデザイン,2026-01-05,PO-2026-0404,661937,661937,2026-02-04,支払済,総務部,田中美咲,ITインフラ,,2026年01月分の業務委託,月次報告書,
O0000405,C000035,V00012,合同会社スマートデザイン,2025-10-29,PO-2025-0405,661937,0,2025-11-28,キャンセル,総務部,山本浩,ITシステム開発,,2025年10月分の業務委託,月次報告書,
O0000406,C000035,V00012,合同会社スマートデザイン,2025-11-26,PO-2025-0406,661937,0,2025-12-26,納品済,総務部,佐々木翔太,その他,,2025年11月分の業務委託,月次報告書,
O0000407,C000035,V00012,合同会社スマートデザイン,2026-01-05,PO-2026-0407,661937,661937,2026-02-04,支払済,総務部,松本真由美,マーケティング支援,,2026年01月分の業務委託,月次報告書,
O0000408,C000035,V00012,合同会社スマートデザイン,2024-10-17,PO-2024-0408,661937,0,2024-11-16,発注中,総務部,鈴木美穂,ITインフラ,,2024年10月分の業務委託,月次報告書,
O0000409,C000036,V00013,株式会社インテグレーションパートナーズ,2025-10-11,PO-2025-0409,456455,0,2025-11-10,キャンセル,人事部,林浩,ITシステム保守・運用,,2025年10月分の業務委託,月次報告書,
O0000410,C000036,V00013,株式会社インテグレーションパートナーズ,2025-02-18,PO-2025-0410,483947,483947,2025-03-20,支払済,人事部,佐藤花子,ITシステム保守・運用,,2025年02月分の業務委託,月次報告書,
O0000411,C000036,V00013,株式会社インテグレーションパートナーズ,2024-12-12,PO-2024-0411,560314,560314,2025-01-11,支払済,人事部,加藤花子,ITシステム開発,,2024年12月分の業務委託,月次報告書,
O0000412,C000036,V00013,株式会社インテグレーションパートナーズ,2025-03-07,PO-2025-0412,344544,344544,2025-04-06,支払済,人事部,鈴木健太,ITインフラ,,2025年03月分の業務委託,月次報告書,
O0000413,C000036,V00013,株式会社インテグレーションパートナーズ,2025-05-06,PO-2025-0413,389430,389430,2025-06-05,支払済,人事部,木村愛,コンサルティング,,2025年05月分の業務委託,月次報告書,
O0000414,C000036,V00013,株式会社インテグレーションパートナーズ,2025-03-08,PO-2025-0414,350228,0,2025-04-07,納品済,人事部,山田修,ITシステム開発,,2025年03月分の業務委託,月次報告書,
O0000415,C000036,V00013,株式会社インテグレーションパートナーズ,2025-04-24,PO-2025-0415,494814,0,2025-05-24,納品済,人事部,小林拓也,ITシステム保守・運用,,2025年04月分の業務委託,月次報告書,
O0000416,C000037,V00013,株式会社インテグレーションパートナーズ,2026-01-08,PO-2026-0416,15831,15831,2026-02-07,支払済,人事部,清水美咲,ITインフラ,,2026年01月分の業務委託,月次報告書,
O0000417,C000037,V00013,株式会社インテグレーションパートナーズ,2026-03-11,PO-2026-0417,13418,13418,2026-04-10,支払済,人事部,小林隆,コンサルティング,,2026年03月分の業務委託,月次報告書,
O0000418,C000037,V00013,株式会社インテグレーションパートナーズ,2026-10-06,PO-2026-0418,8766,0,2026-11-05,キャンセル,人事部,井上健太,コンサルティング,,2026年10月分の業務委託,月次報告書,
O0000419,C000037,V00013,株式会社インテグレーションパートナーズ,2026-08-07,PO-2026-0419,14189,14189,2026-09-06,支払済,人事部,山本拓也,ITシステム保守・運用,,2026年08月分の業務委託,月次報告書,
O0000420,C000037,V00013,株式会社インテグレーションパートナーズ,2025-11-04,PO-2025-0420,11231,11231,2025-12-04,支払済,人事部,松本あゆみ,人材派遣,,2025年11月分の業務委託,月次報告書,
O0000421,C000037,V00013,株式会社インテグレーションパートナーズ,2026-04-19,PO-2026-0421,12290,12290,2026-05-19,支払済,人事部,佐々木花子,業務委託（IT以外）,,2026年04月分の業務委託,月次報告書,
O0000422,C000037,V00013,株式会社インテグレーションパートナーズ,2025-12-07,PO-2025-0422,8538,8538,2026-01-06,支払済,人事部,清水愛,コンサルティング,,2025年12月分の業務委託,月次報告書,
O0000423,C000037,V00013,株式会社インテグレーションパートナーズ,2026-02-20,PO-2026-0423,10003,10003,2026-03-22,支払済,人事部,伊藤美穂,ITシステム保守・運用,,2026年02月分の業務委託,月次報告書,
O0000424,C000037,V00013,株式会社インテグレーションパートナーズ,2026-07-03,PO-2026-0424,9875,0,2026-08-02,納品済,人事部,佐々木健太,ITシステム開発,,2026年07月分の業務委託,月次報告書,
O0000425,C000038,V00013,株式会社インテグレーションパートナーズ,2025-06-19,PO-2025-0425,146616,146616,2025-07-19,支払済,マーケティング部,田中あゆみ,ITシステム開発,,2025年06月分の業務委託,月次報告書,
O0000426,C000038,V00013,株式会社インテグレーションパートナーズ,2025-08-31,PO-2025-0426,146616,0,2025-09-30,検収済,マーケティング部,清水修,その他,,2025年08月分の業務委託,月次報告書,
O0000427,C000038,V00013,株式会社インテグレーションパートナーズ,2025-06-27,PO-2025-0427,146616,0,2025-07-27,検収済,マーケティング部,木村誠,業務委託（IT以外）,,2025年06月分の業務委託,月次報告書,
O0000428,C000038,V00013,株式会社インテグレーションパートナーズ,2025-08-07,PO-2025-0428,146616,146616,2025-09-06,支払済,マーケティング部,鈴木翔太,コンサルティング,,2025年08月分の業務委託,月次報告書,
O0000429,C000038,V00013,株式会社インテグレーションパートナーズ,2025-05-14,PO-2025-0429,146616,146616,2025-06-13,支払済,マーケティング部,伊藤浩,マーケティング支援,,2025年05月分の業務委託,月次報告書,
O0000430,C000038,V00013,株式会社インテグレーションパートナーズ,2025-10-04,PO-2025-0430,146616,146616,2025-11-03,支払済,マーケティング部,伊藤拓也,業務委託（IT以外）,,2025年10月分の業務委託,月次報告書,
O0000431,C000038,V00013,株式会社インテグレーションパートナーズ,2025-09-17,PO-2025-0431,146616,146616,2025-10-17,支払済,マーケティング部,高橋美穂,ITシステム開発,,2025年09月分の業務委託,月次報告書,
O0000432,C000038,V00013,株式会社インテグレーションパートナーズ,2026-02-28,PO-2026-0432,146616,0,2026-03-30,納品済,マーケティング部,山本美穂,ITシステム保守・運用,,2026年02月分の業務委託,月次報告書,
O0000433,C000038,V00013,株式会社インテグレーションパートナーズ,2025-09-01,PO-2025-0433,146616,146616,2025-10-01,支払済,マーケティング部,高橋美咲,ITシステム保守・運用,,2025年09月分の業務委託,月次報告書,
O0000434,C000038,V00013,株式会社インテグレーションパートナーズ,2025-06-26,PO-2025-0434,146616,146616,2025-07-26,支払済,マーケティング部,山田修,ITシステム保守・運用,,2025年06月分の業務委託,月次報告書,
O0000435,C000038,V00013,株式会社インテグレーションパートナーズ,2025-11-09,PO-2025-0435,146616,146616,2025-12-09,支払済,マーケティング部,山崎あゆみ,コンサルティング,,2025年11月分の業務委託,月次報告書,
O0000436,C000038,V00013,株式会社インテグレーションパートナーズ,2025-04-22,PO-2025-0436,146616,146616,2025-05-22,支払済,マーケティング部,佐々木あゆみ,ITインフラ,,2025年04月分の業務委託,月次報告書,
O0000437,C000038,V00013,株式会社インテグレーションパートナーズ,2025-10-10,PO-2025-0437,146616,0,2025-11-09,検収済,マーケティング部,山本優子,業務委託（IT以外）,,2025年10月分の業務委託,月次報告書,
O0000438,C000038,V00013,株式会社インテグレーションパートナーズ,2025-08-27,PO-2025-0438,146616,146616,2025-09-26,支払済,マーケティング部,山田真由美,業務委託（IT以外）,,2025年08月分の業務委託,月次報告書,
O0000439,C000038,V00013,株式会社インテグレーションパートナーズ,2025-10-28,PO-2025-0439,146616,0,2025-11-27,キャンセル,マーケティング部,佐々木花子,ITインフラ,,2025年10月分の業務委託,月次報告書,
O0000440,C000038,V00013,株式会社インテグレーションパートナーズ,2025-05-13,PO-2025-0440,146616,146616,2025-06-12,支払済,マーケティング部,清水愛,業務委託（IT以外）,,2025年05月分の業務委託,月次報告書,
O0000441,C000038,V00013,株式会社インテグレーションパートナーズ,2026-01-16,PO-2026-0441,146616,146616,2026-02-15,支払済,マーケティング部,渡辺大輔,人材派遣,,2026年01月分の業務委託,月次報告書,
O0000442,C000038,V00013,株式会社インテグレーションパートナーズ,2025-07-15,PO-2025-0442,146616,146616,2025-08-14,支払済,マーケティング部,山口優子,業務委託（IT以外）,,2025年07月分の業務委託,月次報告書,
O0000443,C000038,V00013,株式会社インテグレーションパートナーズ,2025-05-31,PO-2025-0443,146616,146616,2025-06-30,支払済,マーケティング部,鈴木麻衣,業務委託（IT以外）,,2025年05月分の業務委託,月次報告書,
O0000444,C000039,V00014,有限会社プロフェッショナルコーポレーション,2025-10-02,PO-2025-0444,384409,384409,2025-11-01,支払済,研究開発部,小林さくら,業務委託（IT以外）,,2025年10月分の業務委託,月次報告書,
O0000445,C000039,V00014,有限会社プロフェッショナルコーポレーション,2025-05-23,PO-2025-0445,315890,315890,2025-06-22,支払済,研究開発部,清水翔太,ITシステム保守・運用,,2025年05月分の業務委託,月次報告書,
O0000446,C000039,V00014,有限会社プロフェッショナルコーポレーション,2025-09-16,PO-2025-0446,424340,0,2025-10-16,納品済,研究開発部,山口修,ITシステム開発,,2025年09月分の業務委託,月次報告書,
O0000447,C000039,V00014,有限会社プロフェッショナルコーポレーション,2025-05-26,PO-2025-0447,358535,358535,2025-06-25,支払済,研究開発部,小林太郎,コンサルティング,,2025年05月分の業務委託,月次報告書,
O0000448,C000039,V00014,有限会社プロフェッショナルコーポレーション,2025-08-30,PO-2025-0448,443885,443885,2025-09-29,支払済,研究開発部,鈴木健太,マーケティング支援,,2025年08月分の業務委託,月次報告書,
O0000449,C000039,V00014,有限会社プロフェッショナルコーポレーション,2025-12-26,PO-2025-0449,388793,0,2026-01-25,キャンセル,研究開発部,中村浩,ITシステム開発,,2025年12月分の業務委託,月次報告書,
O0000450,C000039,V00014,有限会社プロフェッショナルコーポレーション,2025-05-21,PO-2025-0450,289249,289249,2025-06-20,支払済,研究開発部,山本大輔,マーケティング支援,,2025年05月分の業務委託,月次報告書,
O0000451,C000039,V00014,有限会社プロフェッショナルコーポレーション,2025-09-09,PO-2025-0451,445396,0,2025-10-09,検収済,研究開発部,鈴木恵,マーケティング支援,,2025年09月分の業務委託,月次報告書,
O0000452,C000039,V00014,有限会社プロフェッショナルコーポレーション,2025-05-29,PO-2025-0452,430704,430704,2025-06-28,支払済,研究開発部,清水大輔,ITシステム開発,,2025年05月分の業務委託,月次報告書,
O0000453,C000039,V00014,有限会社プロフェッショナルコーポレーション,2025-12-21,PO-2025-0453,352049,352049,2026-01-20,支払済,研究開発部,高橋太郎,ITシステム保守・運用,,2025年12月分の業務委託,月次報告書,
O0000454,C000039,V00014,有限会社プロフェッショナルコーポレーション,2026-02-23,PO-2026-0454,326190,0,2026-03-25,検収済,研究開発部,林翔太,人材派遣,,2026年02月分の業務委託,月次報告書,
O0000455,C000039,V00014,有限会社プロフェッショナルコーポレーション,2025-12-06,PO-2025-0455,263386,263386,2026-01-05,支払済,研究開発部,高橋あゆみ,コンサルティング,,2025年12月分の業務委託,月次報告書,
O0000456,C000039,V00014,有限会社プロフェッショナルコーポレーション,2025-07-18,PO-2025-0456,418949,0,2025-08-17,納品済,研究開発部,中村愛,コンサルティング,,2025年07月分の業務委託,月次報告書,
O0000457,C000039,V00014,有限会社プロフェッショナルコーポレーション,2025-08-02,PO-2025-0457,226982,226982,2025-09-01,支払済,研究開発部,加藤拓也,ITシステム保守・運用,,2025年08月分の業務委託,月次報告書,
O0000458,C000039,V00014,有限会社プロフェッショナルコーポレーション,2026-02-21,PO-2026-0458,321328,321328,2026-03-23,支払済,研究開発部,井上大輔,人材派遣,,2026年02月分の業務委託,月次報告書,
O0000459,C000039,V00014,有限会社プロフェッショナルコーポレーション,2025-07-15,PO-2025-0459,437399,437399,2025-08-14,支払済,研究開発部,伊藤隆,その他,,2025年07月分の業務委託,月次報告書,
O0000460,C000039,V00014,有限会社プロフェッショナルコーポレーション,2025-09-07,PO-2025-0460,292785,292785,2025-10-07,支払済,研究開発部,清水真由美,ITインフラ,,2025年09月分の業務委託,月次報告書,
O0000461,C000040,V00014,有限会社プロフェッショナルコーポレーション,2025-07-05,PO-2025-0461,56929,0,2025-08-04,キャンセル,企画部,木村真由美,ITインフラ,,2025年07月分の業務委託,月次報告書,
O0000462,C000040,V00014,有限会社プロフェッショナルコーポレーション,2025-08-15,PO-2025-0462,44352,0,2025-09-14,納品済,企画部,井上恵,ITシステム開発,,2025年08月分の業務委託,月次報告書,
O0000463,C000040,V00014,有限会社プロフェッショナルコーポレーション,2025-05-21,PO-2025-0463,59438,0,2025-06-20,発注中,企画部,高橋修,業務委託（IT以外）,,2025年05月分の業務委託,月次報告書,
O0000464,C000040,V00014,有限会社プロフェッショナルコーポレーション,2025-07-15,PO-2025-0464,68568,68568,2025-08-14,支払済,企画部,山崎健太,ITシステム保守・運用,,2025年07月分の業務委託,月次報告書,
O0000465,C000040,V00014,有限会社プロフェッショナルコーポレーション,2024-12-24,PO-2024-0465,54645,0,2025-01-23,検収済,企画部,山本太郎,ITインフラ,,2024年12月分の業務委託,月次報告書,
O0000466,C000040,V00014,有限会社プロフェッショナルコーポレーション,2025-09-22,PO-2025-0466,51128,51128,2025-10-22,支払済,企画部,加藤翔太,ITシステム保守・運用,,2025年09月分の業務委託,月次報告書,
O0000467,C000040,V00014,有限会社プロフェッショナルコーポレーション,2025-09-19,PO-2025-0467,73539,0,2025-10-19,検収済,企画部,山田一郎,業務委託（IT以外）,,2025年09月分の業務委託,月次報告書,
O0000468,C000040,V00014,有限会社プロフェッショナルコーポレーション,2024-11-28,PO-2024-0468,52380,0,2024-12-28,キャンセル,企画部,田中浩,ITインフラ,,2024年11月分の業務委託,月次報告書,
O0000469,C000040,V00014,有限会社プロフェッショナルコーポレーション,2025-08-05,PO-2025-0469,63875,0,2025-09-04,納品済,企画部,佐藤麻衣,ITシステム開発,,2025年08月分の業務委託,月次報告書,
O0000470,C000041,V00014,有限会社プロフェッショナルコーポレーション,2024-07-02,PO-2024-0470,48762,48762,2024-08-01,支払済,営業部,渡辺健太,ITシステム保守・運用,,2024年07月分の業務委託,月次報告書,
O0000471,C000041,V00014,有限会社プロフェッショナルコーポレーション,2024-09-26,PO-2024-0471,48762,48762,2024-10-26,支払済,営業部,田中一郎,業務委託（IT以外）,,2024年09月分の業務委託,月次報告書,
O0000472,C000041,V00014,有限会社プロフェッショナルコーポレーション,2024-05-19,PO-2024-0472,48762,48762,2024-06-18,支払済,営業部,山本健太,ITインフラ,,2024年05月分の業務委託,月次報告書,
O0000473,C000041,V00014,有限会社プロフェッショナルコーポレーション,2024-06-10,PO-2024-0473,48762,0,2024-07-10,発注中,営業部,松本健太,ITシステム保守・運用,,2024年06月分の業務委託,月次報告書,
O0000474,C000041,V00014,有限会社プロフェッショナルコーポレーション,2024-08-04,PO-2024-0474,48762,0,2024-09-03,検収済,営業部,井上一郎,ITシステム保守・運用,,2024年08月分の業務委託,月次報告書,
O0000475,C000041,V00014,有限会社プロフェッショナルコーポレーション,2024-10-07,PO-2024-0475,48762,48762,2024-11-06,支払済,営業部,佐藤一郎,ITシステム保守・運用,,2024年10月分の業務委託,月次報告書,
O0000476,C000041,V00014,有限会社プロフェッショナルコーポレーション,2024-07-17,PO-2024-0476,48762,48762,2024-08-16,支払済,営業部,山田さくら,コンサルティング,,2024年07月分の業務委託,月次報告書,
O0000477,C000041,V00014,有限会社プロフェッショナルコーポレーション,2024-09-19,PO-2024-0477,48762,0,2024-10-19,納品済,営業部,山口花子,ITインフラ,,2024年09月分の業務委託,月次報告書,
O0000478,C000041,V00014,有限会社プロフェッショナルコーポレーション,2024-07-09,PO-2024-0478,48762,0,2024-08-08,発注中,営業部,山口恵,コンサルティング,,2024年07月分の業務委託,月次報告書,
O0000479,C000041,V00014,有限会社プロフェッショナルコーポレーション,2024-09-18,PO-2024-0479,48762,48762,2024-10-18,支払済,営業部,木村拓也,ITシステム開発,,2024年09月分の業務委託,月次報告書,
O0000480,C000041,V00014,有限会社プロフェッショナルコーポレーション,2024-05-31,PO-2024-0480,48762,48762,2024-06-30,支払済,営業部,小林修,ITインフラ,,2024年05月分の業務委託,月次報告書,
O0000481,C000041,V00014,有限会社プロフェッショナルコーポレーション,2024-08-31,PO-2024-0481,48762,48762,2024-09-30,支払済,営業部,伊藤大輔,ITシステム保守・運用,,2024年08月分の業務委託,月次報告書,
O0000482,C000041,V00014,有限会社プロフェッショナルコーポレーション,2024-06-24,PO-2024-0482,48762,48762,2024-07-24,支払済,営業部,高橋浩,ITシステム保守・運用,,2024年06月分の業務委託,月次報告書,
O0000483,C000041,V00014,有限会社プロフェッショナルコーポレーション,2024-07-02,PO-2024-0483,48762,48762,2024-08-01,支払済,営業部,鈴木さくら,コンサルティング,,2024年07月分の業務委託,月次報告書,
O0000484,C000041,V00014,有限会社プロフェッショナルコーポレーション,2024-07-01,PO-2024-0484,48762,48762,2024-07-31,支払済,営業部,松本拓也,ITシステム保守・運用,,2024年07月分の業務委託,月次報告書,
O0000485,C000041,V00014,有限会社プロフェッショナルコーポレーション,2024-10-24,PO-2024-0485,48762,48762,2024-11-23,支払済,営業部,小林花子,ITシステム保守・運用,,2024年10月分の業務委託,月次報告書,
O0000486,C000041,V00014,有限会社プロフェッショナルコーポレーション,2024-08-14,PO-2024-0486,48762,48762,2024-09-13,支払済,営業部,渡辺愛,ITシステム開発,,2024年08月分の業務委託,月次報告書,
O0000487,C000042,V00015,ソリューションパートナーズ株式会社,2026-05-06,PO-2026-0487,51650,51650,2026-06-05,支払済,品質管理部,山田拓也,ITシステム開発,,2026年05月分の業務委託,月次報告書,
O0000488,C000042,V00015,ソリューションパートナーズ株式会社,2025-12-24,PO-2025-0488,45889,0,2026-01-23,納品済,品質管理部,木村花子,マーケティング支援,,2025年12月分の業務委託,月次報告書,
O0000489,C000042,V00015,ソリューションパートナーズ株式会社,2026-11-16,PO-2026-0489,31771,31771,2026-12-16,支払済,品質管理部,松本優子,マーケティング支援,,2026年11月分の業務委託,月次報告書,
O0000490,C000042,V00015,ソリューションパートナーズ株式会社,2026-04-29,PO-2026-0490,56311,0,2026-05-29,納品済,品質管理部,山口麻衣,ITインフラ,,2026年04月分の業務委託,月次報告書,
O0000491,C000042,V00015,ソリューションパートナーズ株式会社,2026-11-21,PO-2026-0491,37534,0,2026-12-21,検収済,品質管理部,佐藤拓也,業務委託（IT以外）,,2026年11月分の業務委託,月次報告書,
O0000492,C000042,V00015,ソリューションパートナーズ株式会社,2026-04-11,PO-2026-0492,30847,30847,2026-05-11,支払済,品質管理部,田中優子,マーケティング支援,,2026年04月分の業務委託,月次報告書,
O0000493,C000042,V00015,ソリューションパートナーズ株式会社,2026-03-06,PO-2026-0493,41366,41366,2026-04-05,支払済,品質管理部,中村さくら,ITシステム保守・運用,,2026年03月分の業務委託,月次報告書,
O0000494,C000042,V00015,ソリューションパートナーズ株式会社,2025-12-06,PO-2025-0494,32030,0,2026-01-05,検収済,品質管理部,佐々木美穂,コンサルティング,,2025年12月分の業務委託,月次報告書,
O0000495,C000042,V00015,ソリューションパートナーズ株式会社,2026-11-07,PO-2026-0495,56551,0,2026-12-07,検収済,品質管理部,山口誠,業務委託（IT以外）,,2026年11月分の業務委託,月次報告書,
O0000496,C000042,V00015,ソリューションパートナーズ株式会社,2026-11-11,PO-2026-0496,35304,0,2026-12-11,検収済,品質管理部,林誠,マーケティング支援,,2026年11月分の業務委託,月次報告書,
O0000497,C000042,V00015,ソリューションパートナーズ株式会社,2026-06-13,PO-2026-0497,34549,0,2026-07-13,検収済,品質管理部,木村修,ITシステム保守・運用,,2026年06月分の業務委託,月次報告書,
O0000498,C000043,V00016,有限会社テクノロジースタジオ,2025-04-20,PO-2025-0498,156862,0,2025-05-20,キャンセル,総務部,松本真由美,業務委託（IT以外）,,2025年04月分の業務委託,月次報告書,
O0000499,C000043,V00016,有限会社テクノロジースタジオ,2025-07-21,PO-2025-0499,132448,132448,2025-08-20,支払済,総務部,田中拓也,マーケティング支援,,2025年07月分の業務委託,月次報告書,
O0000500,C000043,V00016,有限会社テクノロジースタジオ,2025-06-13,PO-2025-0500,124102,124102,2025-07-13,支払済,総務部,吉田健太,ITシステム保守・運用,,2025年06月分の業務委託,月次報告書,
